unit_id,Timestamp,wafer_id,die_x,die_y,scan_pass,temp_die_center_c,temp_serdes_corner_c,v_core_v,v_mem_v,i_ddq_ma,total_power_w,fan_speed_rpm,mse_db,eye_height_mv,eye_width_ps,vga_gain_db,fec_codeword_1,fec_codeword_2,fec_codeword_3,fec_codeword_4,fec_codeword_5,fec_codeword_6,fec_codeword_7,fec_codeword_8,fec_codeword_9,fec_codeword_10,fec_codeword_11,fec_codeword_12,fec_codeword_13,fec_codeword_14,fec_codeword_15,ring_osc_speed_ghz,crit_path_delay_ps,leakage_current_ua,bist_status_pass,interrupt_lat_us,pcie_retry_count,correctable_ecc_errors,uptime_hrs
SN_1000,2026-04-02 08:00:00,2,-4.714285714285715,-14.142857142857142,0,64.92620253407074,61.620234245626015,0.8859660555185637,1.185957604337384,534.9512054127315,56.82352101620503,3374.5064082745325,-24.929534447823457,114.77220907294603,15.507437110874797,11.913782901992548,1,0,0,0,1,0,0,0,1,0,2,0,0,0,1,3.3636691049872978,145.46760213318524,14.222914318788195,1,5.156855289980706,0,3,126.40227670275995
SN_1001,2026-04-02 08:01:00,1,-3.8571428571428577,-14.142857142857142,1,68.19268616653007,59.0039361581664,0.8973312318629341,1.1986581978932307,459.8644996371055,48.30399049466865,3360.3188482091437,-26.35445283490242,119.3336836235719,17.661581643973673,11.8703269479714,0,0,1,0,2,1,0,0,3,0,0,0,0,1,1,3.2483271552933983,143.80111442155595,11.779353023843273,1,5.358994570654148,0,0,110.84182983640386
SN_1002,2026-04-02 08:02:00,1,-3.0,-14.142857142857142,1,72.08223019050726,64.63262094266018,0.8863078362105523,1.2051935874563788,439.35610988371025,47.14902024162123,3007.100044022526,-23.06291967690786,128.08301802410097,16.849903222589088,10.463469309617961,1,0,4,0,0,0,0,0,1,0,0,0,1,0,0,3.191982552247033,150.5388413371217,10.71411302706313,1,4.218346297911297,0,1,127.01684351267028
SN_1003,2026-04-02 08:03:00,1,-2.142857142857144,-14.142857142857142,1,69.73047575497131,64.65025868489127,0.8937385442701585,1.2167336394615251,461.2623930944509,51.974096742970254,3036.7383146490733,-20.434188799869712,117.83002938247638,16.9664657501623,11.715210590484604,0,0,0,1,0,0,0,0,0,0,1,0,0,0,0,3.1767343329408284,140.13101151029716,8.884133933823595,1,4.942614966427744,0,0,154.27112827559208
SN_1004,2026-04-02 08:04:00,2,-1.2857142857142865,-14.142857142857142,0,65.08848209811343,67.193278510218,0.9051608088234521,1.1941054760006127,518.4560427444726,53.413159711825905,3584.0754439033526,-24.494680774050313,134.06771072401915,16.219713417479976,11.002735042031585,0,0,0,0,1,1,1,0,0,0,1,1,0,0,1,3.3185942883040207,143.2068692543513,12.861195076300538,1,4.991881349018645,0,2,45.095846368964644
SN_1005,2026-04-02 08:05:00,3,-0.4285714285714288,-14.142857142857142,1,75.60928928115236,68.79837828545796,0.9052251260886919,1.1841757202597636,463.89853629114606,47.87191446778059,3462.6388912890716,-28.757992081506448,127.21271796640633,16.784985674092884,11.536145570494055,0,1,2,0,1,2,1,1,1,0,0,0,0,0,2,3.3572034485611653,141.6026486077393,13.15218317882215,1,4.872820372913844,0,0,61.66890182516166
SN_1006,2026-04-02 08:06:00,1,0.42857142857142705,-14.142857142857142,0,81.6002036100863,64.76233927491002,0.8865325490036156,1.2081683701143098,477.37638864973405,54.68172809397574,3195.2722230007844,-22.659900656368954,130.12654854089232,14.799114486477842,10.901813616221851,2,0,0,0,0,1,0,0,0,0,0,0,1,0,1,3.243906862226911,149.11968590804867,10.27419754395104,1,5.103729006799205,0,3,167.39244847221246
SN_1007,2026-04-02 08:07:00,3,1.2857142857142847,-14.142857142857142,1,70.98065729511954,72.42201325917705,0.8926844194057688,1.1861940129410034,439.1531634255203,48.70021822905801,3238.6059659626026,-22.0292005770999,143.68300663205446,15.535735171109156,11.551091612686994,0,0,1,0,0,0,0,0,0,1,0,0,0,0,0,3.2943585045601345,140.88554431693854,14.215295007545505,1,3.94635085263147,0,3,46.50489002538628
SN_1008,2026-04-02 08:08:00,1,2.1428571428571423,-14.142857142857142,1,65.47965855132,65.89693897814116,0.9161149950715537,1.1956384455849252,493.0538774452049,44.97693301283589,3105.373039557922,-27.171691280771697,115.83721918959556,16.288006355453014,11.593889642976597,0,0,0,0,0,0,1,0,0,1,0,1,0,0,0,3.3147969541668396,137.6696709372088,9.927934835651765,1,5.064042944104982,0,0,127.77028893974779
SN_1009,2026-04-02 08:09:00,4,3.0,-14.142857142857142,1,62.255197374732624,63.6142939759724,0.9074460017660091,1.19742379514489,430.82331361499246,43.83637265441259,3264.852907130051,-23.647031632674093,135.02445493950842,16.416273788322837,12.0967549184388,0,0,1,0,1,1,0,0,0,0,0,1,0,0,1,3.211581274529634,146.72554047360208,13.062657299121426,1,4.848342262837434,0,1,128.41093111356986
SN_1010,2026-04-02 08:10:00,4,3.8571428571428577,-14.142857142857142,0,71.28987990610591,58.55373056358869,0.9311259755902281,1.1993036654669988,509.9040425626703,58.91821661161489,3092.4227148916293,-23.097547967727802,129.83232125828712,16.48028178238281,10.385250137708669,0,0,1,0,0,0,0,0,1,0,1,0,0,0,0,3.368708855761173,144.4433128159236,13.136223471675335,1,3.9419794418339524,0,1,122.35109945792199
SN_1011,2026-04-02 08:11:00,1,4.714285714285712,-14.142857142857142,0,75.5193867165813,63.94936191873533,0.9177019226061229,1.2068916445707434,513.8009665387506,53.52531418294321,2895.1469353552425,-24.146214604017878,125.99816462836365,15.792497076975433,10.554481852254677,0,1,1,0,0,0,2,1,1,1,1,0,0,0,0,3.3169520268334054,149.16139848269296,13.609747226396944,1,5.211211411088819,0,0,56.751444861299184
SN_1012,2026-04-02 08:12:00,2,-6.428571428571429,-13.285714285714286,1,72.37583873247691,63.65445221835545,0.917164396028399,1.193163657177136,419.6298466027839,40.76182272329833,3001.7666320233425,-25.581541838170708,140.62307585039153,15.433864898304506,12.361914270730527,0,0,2,0,0,0,0,0,1,2,3,1,1,1,0,3.3419581207720586,148.24937358288173,9.043803727060215,1,4.409401862746811,0,1,54.97930510279738
SN_1013,2026-04-02 08:13:00,1,-5.571428571428571,-13.285714285714286,1,69.98798079540573,68.84121918512588,0.879181971743163,1.1972627074783324,394.7929805942937,43.44945935047851,3203.163912177588,-21.968125552872888,140.5481698546841,20.736656924566446,11.202561882929901,0,0,0,0,0,0,0,0,0,0,0,0,0,0,0,3.3543974931838263,144.83006736452467,13.60030903529851,1,4.809739377206256,0,2,119.95311379700946
SN_1014,2026-04-02 08:14:00,1,-4.714285714285715,-13.285714285714286,1,67.05364174105347,66.84993449626742,0.9114579052745013,1.199857296470506,444.2353400369097,46.8570988397656,3030.339914674612,-24.806759491937367,118.64211044813887,17.360180909398597,13.074529790229931,2,0,1,0,0,0,0,1,0,0,2,0,0,1,0,3.4940610398443934,139.22728692346573,11.782736631456704,1,4.872800215244418,0,1,50.82002656212711
SN_1015,2026-04-02 08:15:00,2,-3.8571428571428577,-13.285714285714286,1,64.53918183640955,60.28252351346953,0.8992033979745464,1.2014959795751878,453.3964856020414,49.176116254761276,3189.90838026297,-26.970372325399865,127.81407299370491,16.619721213928933,12.225269722015046,1,0,0,0,1,0,0,0,0,0,0,0,2,1,0,3.2180321562803376,140.2075907248223,11.489458263624737,1,4.076905312771464,0,4,119.26511977063738
SN_1016,2026-04-02 08:16:00,4,-3.0,-13.285714285714286,1,74.17375663162441,65.68901754564415,0.8917352729469262,1.2009782717470792,448.68737328653367,45.333388125889535,3038.8008440850704,-28.09894897133936,133.37454019100878,15.65018725269041,12.606762150206407,0,0,0,0,0,0,1,0,1,0,0,1,2,0,0,3.2285785405710565,137.90723635128094,13.237514212148909,1,4.132825333005591,1,4,94.9240726116458
SN_1017,2026-04-02 08:17:00,3,-2.142857142857144,-13.285714285714286,1,74.56885810692793,67.68612468691622,0.902520230107988,1.2043600577522258,446.3780359513028,48.95459120170207,3082.646911624701,-21.47830096000138,126.72391902372898,15.323171759584184,13.410692320420894,0,1,1,0,0,0,0,0,1,1,0,0,2,0,0,3.4346339891647895,144.44695402419788,13.44102934603747,1,5.27268779338934,0,0,79.67455694151131
SN_1018,2026-04-02 08:18:00,1,-1.2857142857142865,-13.285714285714286,1,62.27135106654633,71.11212543755133,0.9141781730191723,1.2084383950964173,451.0760217712597,40.92547523556722,3327.974795961979,-22.766672047057764,137.02025598745357,15.803799109409567,11.690289188193427,2,1,1,0,0,0,0,0,0,0,0,1,0,0,0,3.3521782465287733,142.36518917678242,9.01705015562669,1,4.698090920889608,0,2,67.23345831042418
SN_1019,2026-04-02 08:19:00,2,-0.4285714285714288,-13.285714285714286,1,77.94919489090341,68.55001586965624,0.9075124738650632,1.2039263411565095,475.5710367887691,43.67020960554629,3237.1220821460156,-23.824052905741663,133.3743042149233,16.439243265380025,11.425513294583725,1,0,0,0,0,2,0,1,0,0,0,2,2,0,0,3.3055221778792627,144.27712233757651,10.065318470008505,1,4.803546691146922,0,3,160.4510783985288
SN_1020,2026-04-02 08:20:00,1,0.42857142857142705,-13.285714285714286,1,72.87035610447,68.04338661724591,0.8868228929798692,1.2045358552350922,445.23884535176956,44.1342746485377,3198.550336802998,-24.880549273701607,151.99073488427214,13.179346683905377,12.871702585598813,0,0,1,2,0,0,0,0,0,1,0,1,2,0,0,3.2617530775842085,145.69425670202256,13.798818812396345,1,5.036420802317833,0,2,97.16548671496142
SN_1021,2026-04-02 08:21:00,2,1.2857142857142847,-13.285714285714286,1,76.99797322572897,65.24034397846066,0.9111368837038893,1.1841777683325352,435.64793557281826,44.65632171758244,3331.844595960598,-25.057996828406253,111.63665036884255,13.645915606937974,12.509513563929685,0,0,1,0,0,2,0,1,0,2,1,0,0,1,0,3.2814490875666387,152.5932028414492,12.712483615770582,1,4.120891998397729,0,3,104.82028260157853
SN_1022,2026-04-02 08:22:00,3,2.1428571428571423,-13.285714285714286,1,63.28936125757443,66.5532480216938,0.8904361868688606,1.2005022769916567,442.97186287779783,45.25228316475059,3272.0912890021023,-26.15147329688322,128.53076812303124,15.044676416591564,11.8126696901787,0,1,0,0,1,0,0,0,2,0,1,0,0,0,0,3.2830015491850406,147.32346943768704,12.272628461733188,1,4.796147281884888,0,1,160.6928761948971
SN_1023,2026-04-02 08:23:00,3,3.0,-13.285714285714286,1,63.17087922292281,69.99801960282464,0.9032502467844643,1.204795075480016,464.48366899391937,47.07273287217658,3416.9844936877053,-24.86291128911977,119.09796986185371,16.310709155167853,13.391457966955942,0,0,0,0,2,0,0,0,0,0,0,0,0,0,0,3.180401740898988,145.28534846011354,10.521494667899656,1,4.944690460725592,0,2,118.15833380598725
SN_1024,2026-04-02 08:24:00,4,3.8571428571428577,-13.285714285714286,0,69.25515345116352,59.6688904100814,0.895449748987843,1.2072894119457045,560.3006719635812,53.66557948548853,3131.021110652729,-28.240174430240348,137.24928946526853,15.641090279272223,11.78775569016007,1,2,0,1,0,0,0,0,0,0,0,0,0,1,0,3.3778558957521456,138.7408128765013,12.658262476338043,1,5.882267562039081,0,1,161.93082159698315
SN_1025,2026-04-02 08:25:00,2,4.714285714285712,-13.285714285714286,1,72.51392213447598,63.602242691132176,0.8967170062239657,1.193076492257662,434.2964065207705,45.417086060859376,3135.554753220874,-25.47212730693703,110.59393731945346,18.217181839149227,12.032773637555781,0,1,0,1,0,0,1,0,0,1,0,0,0,1,0,3.1391474139775295,145.10484618520638,13.828398197410074,1,4.539854174667933,0,1,39.31681063526858
SN_1026,2026-04-02 08:26:00,2,5.571428571428569,-13.285714285714286,1,78.98180411463481,61.90972500497504,0.9114936446256077,1.1934096072511136,452.4733446757221,44.864631329027844,3004.833610041298,-24.62187503270219,134.15575252269863,13.776404819506347,12.02122265083426,0,1,0,0,0,1,0,0,2,0,0,1,0,0,1,3.2320750963099005,148.52736596717867,15.476899394464848,1,5.394439790562106,0,2,145.91610697522617
SN_1027,2026-04-02 08:27:00,4,6.428571428571427,-13.285714285714286,1,73.53039456907565,66.51661247490449,0.8843970942027616,1.194258993247164,458.458936048399,42.22233028832655,3135.652892394137,-22.780239905619162,122.4394188238199,14.872981795594944,11.065406105101529,0,2,0,1,1,1,0,2,1,0,0,1,1,0,0,3.2654580537653612,146.56335723275762,11.468719657485266,1,4.999102701158208,0,0,72.29970643532508
SN_1028,2026-04-02 08:28:00,4,-8.142857142857142,-12.428571428571429,1,68.78659361593984,69.92088870260315,0.9291779261141541,1.2053641389989134,425.18554983177944,44.65899993275569,3344.7154841453666,-24.079852926746728,121.19005760654784,18.28013761148665,12.07758538948639,0,1,0,1,0,3,0,0,0,0,0,0,2,1,0,3.471478751028209,140.80855597740245,13.315629267975762,1,4.432204960139188,0,1,140.71020361012913
SN_1029,2026-04-02 08:29:00,2,-7.2857142857142865,-12.428571428571429,1,64.86815396167054,62.6121028531157,0.8726837089605826,1.210338810549242,450.51042918032294,44.56902141030864,3394.99810583932,-22.410153772248883,112.64202155751175,16.19667898701272,13.396760177398491,0,0,0,0,0,2,2,0,0,0,0,0,0,1,0,3.291936226507869,143.49420181503686,14.782322370199317,1,4.683529401625554,0,1,147.2116738840769
SN_1030,2026-04-02 08:30:00,4,-6.428571428571429,-12.428571428571429,1,76.15000286359574,55.438782530122246,0.8910349847511772,1.195925398927084,413.35815356644764,44.50475830499086,3344.045775213,-21.30172978977314,124.41908864558793,17.327263874201737,12.444968315376176,0,0,1,0,0,1,1,0,1,0,0,0,1,0,1,3.3253169999047425,145.29349172533867,9.826959200002573,1,5.433132180813861,0,1,63.09425560452804
SN_1031,2026-04-02 08:31:00,3,-5.571428571428571,-12.428571428571429,0,65.17647287124643,63.35111701990212,0.9055531783491262,1.2090796231362704,480.77374240651505,55.09527836974435,2930.8712200175846,-21.883659812351798,143.01400636349112,19.076870414904196,12.031063426398932,1,1,1,0,0,1,1,0,1,1,0,1,0,0,0,3.229800839141205,143.36754861724424,14.698692762785784,1,5.388497743298877,0,1,82.87160877822896
SN_1032,2026-04-02 08:32:00,1,-4.714285714285715,-12.428571428571429,1,78.14234277386161,68.65389492806963,0.9087647124965297,1.2012347980916458,459.16866019730645,45.22702062184016,3362.4717818991103,-23.058980305242887,129.69773579764626,14.959293373147267,11.83823271883433,0,0,1,0,1,0,0,1,0,0,0,0,0,0,0,3.3694983210278555,142.53157627651532,12.300965380308025,1,4.739860169871562,0,3,128.54606702134618
SN_1033,2026-04-02 08:33:00,3,-3.8571428571428577,-12.428571428571429,1,68.57807675196746,67.15051961179952,0.8984928641914245,1.1987571422283756,440.40313146673043,43.70311446267801,2924.222206509189,-23.976274641638433,137.5321650144937,15.851028493311953,12.33086702840635,3,0,0,0,0,0,0,1,1,2,0,1,0,0,0,3.5361504982796617,136.41119282777416,12.112296448413172,1,5.171862356943873,0,2,38.264010849163775
SN_1034,2026-04-02 08:34:00,4,-3.0,-12.428571428571429,1,77.95291036308925,66.7127449912423,0.8991391394549769,1.1978861577018203,455.0570101905305,48.818144201913796,3334.717598618352,-25.961576016827117,149.9757018635953,15.591359648603692,12.749766628489185,0,1,1,0,0,0,1,0,1,0,0,1,0,0,0,3.339320086368444,141.92727507465486,11.187406820884874,1,4.4814926516083196,0,1,132.79682894486496
SN_1035,2026-04-02 08:35:00,2,-2.142857142857144,-12.428571428571429,1,73.3946564502964,63.88002679250208,0.9061582512799142,1.2074661136460216,449.55262557479125,41.49155811239095,3144.8323210143417,-22.520111897241367,133.1650670178709,13.068110493275086,12.609238830889753,0,1,1,0,0,0,1,0,0,0,0,2,0,1,0,3.273159636015139,146.0045694132668,11.45415809908703,1,4.911720973391867,0,3,39.90810135188314
SN_1036,2026-04-02 08:36:00,2,-1.2857142857142865,-12.428571428571429,1,69.31502255278771,59.883877055120855,0.8965339578381348,1.2032557781678705,425.58999878340506,42.83708967459031,3305.379997090078,-20.64050523555694,123.2944051352519,15.534404794366047,11.668135138178021,0,0,0,0,0,0,1,0,1,0,0,0,0,1,0,3.1374608410019587,148.50046382617796,10.882481696986206,1,4.785203437620847,0,1,155.68162544660038
SN_1037,2026-04-02 08:37:00,3,-0.4285714285714288,-12.428571428571429,1,67.40301814086936,67.06117728649787,0.9208977188690236,1.2227582542764763,448.86864245089157,53.339890872670665,3000.132747815815,-23.315787920699165,135.60702658219347,17.321593281071,12.324781594110114,1,0,1,0,0,1,1,2,1,1,0,0,0,0,0,3.3554953788206077,145.304636040985,10.57046393479131,1,5.465888632762564,0,0,63.792858234674895
SN_1038,2026-04-02 08:38:00,2,0.42857142857142705,-12.428571428571429,0,68.2954606132696,61.6628727598615,0.9125902367134741,1.1914777535700267,494.17246737462864,51.88602593503231,3375.675144905922,-20.165481703147755,123.4684462442285,16.81088431271836,12.479939741148279,0,2,0,1,0,0,0,0,0,1,0,1,1,0,1,3.221124282162887,149.23779535770407,12.674433756642651,1,5.231421289534885,0,0,106.88630594889923
SN_1039,2026-04-02 08:39:00,4,1.2857142857142847,-12.428571428571429,1,72.1415834618762,73.73638693352183,0.9130923652650845,1.2051810170202997,484.774308950035,40.93873597587073,2980.2537880842665,-27.051143416122166,123.94692780043397,16.928624754082016,10.992805012473022,0,0,0,0,1,0,2,0,1,0,0,0,2,0,0,3.2395379197630376,144.68572261004482,13.66903115642326,1,4.66196638331519,0,2,40.87010401098328
SN_1040,2026-04-02 08:40:00,3,2.1428571428571423,-12.428571428571429,1,70.38578248108858,67.28202883341807,0.8855076491494438,1.1947079899018849,416.1007413785009,47.20343023500365,3099.731763372023,-26.308326769559084,111.76128640457219,15.43673652904075,12.168230541183695,0,1,1,2,0,0,0,1,0,0,0,1,0,0,0,3.374536860032835,141.4890906587084,10.428380572425935,1,4.711753331535755,0,1,62.80701427139693
SN_1041,2026-04-02 08:41:00,2,3.0,-12.428571428571429,1,67.03094295965647,62.67740678978419,0.8988091736339144,1.1913071301301135,445.10536822578547,38.768640438678375,3050.2858058346446,-22.289596984503476,141.1150898930127,15.015854145991538,9.838696113697639,0,0,1,1,1,0,0,1,1,0,0,0,0,0,0,3.262109626038444,143.10396296838707,10.95724851702527,1,4.985475023742668,0,3,82.16952626214318
SN_1042,2026-04-02 08:42:00,1,3.8571428571428577,-12.428571428571429,1,69.17184294841184,62.554459010445484,0.8954930107691894,1.1998913286296502,423.94321029881877,44.29417827008268,2936.857272076625,-23.4714195796935,125.36796909220672,17.90388350784793,12.482533709821185,1,1,0,0,1,0,0,0,0,0,0,1,2,0,0,3.2924685980634067,146.9960547684525,12.384517466477373,1,4.9193565831629,0,2,94.13503824235406
SN_1043,2026-04-02 08:43:00,1,4.714285714285712,-12.428571428571429,0,70.39288514859575,64.62822317354565,0.884915979364658,1.2013735247940702,539.2605293340199,61.43747477522947,3214.1791351382703,-21.372435646856385,132.18517894979036,15.254024280463495,12.66034305456268,1,1,1,0,0,0,0,1,1,0,2,0,0,1,1,3.3599829075286793,143.927675564458,10.328249095001226,1,4.860238251648026,0,1,24.00971966110672
SN_1044,2026-04-02 08:44:00,4,5.571428571428569,-12.428571428571429,1,59.356329527925936,64.041992311913,0.9054024627591866,1.229181735550601,441.7142157179624,40.3651922335398,3470.913367675544,-24.030943281453478,117.56845685672033,16.44112305818982,12.74754612578646,0,1,0,0,1,0,0,0,2,0,1,1,1,1,0,3.2435148908813445,142.4300105805629,12.366195061250897,1,4.8240226353721365,0,0,151.96642978278743
SN_1045,2026-04-02 08:45:00,2,6.428571428571427,-12.428571428571429,1,72.2908405739435,69.46733510211982,0.8919353136333028,1.198158541843168,437.03333200946975,39.054106542783856,3600.035783348001,-25.735950845056664,135.23137155658566,16.245002021016308,11.604953147830432,0,0,0,1,0,0,0,0,0,1,0,0,0,0,0,3.196883397240326,138.76984438073487,11.595466288041536,1,5.689593489692395,0,1,25.105172576478303
SN_1046,2026-04-02 08:46:00,4,7.285714285714285,-12.428571428571429,1,65.10139387641597,65.74566467897618,0.9098310574477536,1.188698212705153,471.33003862628885,40.50245639412691,3214.5733680629373,-24.427186484410086,120.856705142379,18.192575524385678,12.309046835024034,0,1,0,2,0,0,1,0,0,1,2,1,1,0,1,3.3371442868386096,141.42729687602974,9.543081141668628,1,4.774039858450746,0,1,135.4105770711972
SN_1047,2026-04-02 08:47:00,3,8.142857142857142,-12.428571428571429,1,64.23333798397127,62.07347304436589,0.883947126556585,1.2027301071749439,450.7357647919388,47.695078705040956,3367.5021912601283,-27.06536794184747,128.2994953395781,17.45711853650854,13.423953845541167,1,0,0,2,2,0,0,0,0,2,0,0,1,1,2,3.3603480266416823,143.41168223916208,12.707445618011779,1,5.149990601381289,0,1,91.76336337931741
SN_1048,2026-04-02 08:48:00,1,-9.0,-11.571428571428571,0,61.56327826444645,72.56176274062312,0.9257856091926273,1.1792535996245364,537.9161111483992,58.37433015995744,3234.8141956892805,-26.25718134619407,140.53391237486952,14.057112068999318,13.41376964829126,1,1,0,2,0,0,0,0,2,1,1,0,0,0,1,3.253794812285693,142.67477439218516,11.158470634581604,1,6.21133443776951,0,1,99.4387235857982
SN_1049,2026-04-02 08:49:00,3,-8.142857142857142,-11.571428571428571,1,61.03053751066055,65.19723332608089,0.8865550101211191,1.1990804321739572,425.4668515870634,43.46223360906448,3274.832479215232,-22.05511200416398,139.48911174679034,14.21867024983744,11.97082730077344,0,1,0,1,0,0,0,3,0,1,0,0,0,0,1,3.2498295204377463,141.10160277778385,13.537572764250832,1,4.576755534987561,0,2,53.990229024173885
SN_1050,2026-04-02 08:50:00,2,-7.2857142857142865,-11.571428571428571,1,63.222762484438555,68.0753587038756,0.9032895350580066,1.2001602528229516,414.8795764018123,47.049637212003205,3148.677702330914,-22.25442517106078,129.7356391297967,16.868364727103703,12.13931963072956,0,0,0,1,1,1,1,1,1,0,0,1,0,0,0,3.2119923727225546,151.22950799505696,11.706756279117831,1,5.096358671744866,0,0,111.46104244978139
SN_1051,2026-04-02 08:51:00,4,-6.428571428571429,-11.571428571428571,1,66.45489521184754,62.56709397022097,0.9118778896558211,1.207946003829452,452.68019905100334,49.17076598253597,3229.2615388133904,-23.273991430387845,108.78242760751938,15.90349352893125,13.110911144734434,0,1,0,0,1,0,0,0,1,0,1,0,0,1,0,3.357079276403161,147.40160379716443,10.933034236792732,1,5.122232371675622,0,0,101.36139492040111
SN_1052,2026-04-02 08:52:00,4,-5.571428571428571,-11.571428571428571,0,79.76629568763283,66.4524625109781,0.8914403935469983,1.2097362224942785,517.0288411126317,60.36203924328947,3280.6218056909643,-27.442155041920937,165.9137268407277,15.317242324069355,10.499197984737826,1,0,0,1,0,0,0,0,0,0,1,1,1,0,1,3.453511846764267,153.76854284100875,11.950132889917706,1,4.994451473946908,1,1,47.650042553322535
SN_1053,2026-04-02 08:53:00,4,-4.714285714285715,-11.571428571428571,1,67.37060162052398,66.24443996457278,0.9127870296514943,1.1949643038109228,465.6608668113486,44.260994156460455,3113.23104066855,-24.716807151025776,150.95030764327763,17.523441825991707,11.676924257322975,1,0,0,0,0,1,0,0,0,0,0,0,0,1,0,3.37452360686826,138.57917152849174,13.862956147372651,1,5.02055324204006,0,0,58.28913619428756
SN_1054,2026-04-02 08:54:00,3,-3.8571428571428577,-11.571428571428571,1,70.88875053134015,57.44140283161539,0.8815622460329938,1.1984938598537007,448.00228868343623,38.095584846990036,3188.375855016052,-26.4499997773201,138.6720978986596,16.281189073133365,13.335570455536757,0,1,0,0,1,2,1,0,1,2,0,1,0,0,0,3.292705044570615,146.25257490215074,14.762733790912709,1,4.560507734636357,0,0,33.63412257779383
SN_1055,2026-04-02 08:55:00,1,-3.0,-11.571428571428571,1,72.00240693253164,73.06110044184256,0.9217817654877384,1.1923387916938932,455.12688348086573,42.53736323277094,3191.235482150377,-21.64693349242447,120.96155462090834,16.078686080334165,12.975200541684766,1,0,0,0,1,1,0,0,0,1,1,1,0,0,2,3.357316430345283,143.2615643637827,12.889606669842147,1,5.179422191296901,0,1,33.544834380881184
SN_1056,2026-04-02 08:56:00,3,-2.142857142857144,-11.571428571428571,1,70.65532593107925,70.16257784369019,0.9002122389744864,1.188719374451923,409.4154367514689,43.719587415194226,3323.9604975995785,-25.1674442671252,128.63689405957643,17.169742961132574,12.369263777649905,1,0,0,0,0,0,0,1,1,0,0,0,0,2,1,3.2334553765107077,145.07861200739416,11.11645252440196,1,4.0813823926051445,0,3,25.983713177149426
SN_1057,2026-04-02 08:57:00,3,-1.2857142857142865,-11.571428571428571,1,69.61278269637003,63.41121873541605,0.8910538288804668,1.2030989477938063,497.21092349035644,44.223183610264826,3040.0951742558477,-26.171495421563097,123.4789548426818,15.437336507584654,10.49416759466938,1,0,1,0,1,1,1,1,0,0,0,0,0,1,1,3.329472290002426,152.40309458404806,12.048910474152136,1,5.898918633910501,0,2,55.748302869564064
SN_1058,2026-04-02 08:58:00,2,-0.4285714285714288,-11.571428571428571,1,64.02353118200378,60.590921038176575,0.8955122734135885,1.187264144514034,445.8939503741992,44.43642179697384,3192.268668708852,-23.94040766975715,145.16627126915665,18.35277847820883,11.950089766958838,0,0,0,0,1,0,1,0,0,0,0,0,0,0,0,3.2131786353282377,138.04202853419366,11.852374044437749,1,5.856519641541861,0,2,121.87121674517601
SN_1059,2026-04-02 08:59:00,2,0.42857142857142705,-11.571428571428571,1,77.25463774139607,66.39024645521421,0.9121337890408908,1.1958537309942814,467.43967425847995,48.35668379379201,3486.8008203579047,-25.280308913669224,133.15003469022201,14.817928565150488,11.410084603750066,0,0,0,0,0,0,1,0,0,2,0,1,0,0,0,3.290225171378496,142.7091433457392,11.774639716773668,1,4.8353840834215145,0,1,69.5350158924993
SN_1060,2026-04-02 09:00:00,2,1.2857142857142847,-11.571428571428571,1,79.03598321818943,65.34679079765759,0.8912331706222435,1.1900482604010076,429.09770824450936,48.82328528006274,3374.6090228878907,-21.032512179592587,120.59003369968201,16.98539359951313,12.331038902817214,0,0,1,0,0,0,0,1,0,0,0,1,0,0,0,3.3860554742423887,142.00748448557417,11.6184149540367,1,5.5258758499796885,0,0,73.35373486090224
SN_1061,2026-04-02 09:01:00,1,2.1428571428571423,-11.571428571428571,1,61.586706529386575,66.42267579425291,0.8887596346586584,1.2054968318629025,457.7002475554335,44.48497903822565,3402.376857333306,-25.46962179506838,124.35093881050261,18.150749257989766,11.19065331520512,1,0,0,0,0,1,1,0,0,2,0,0,1,0,0,3.364963045763335,142.71982403033195,10.551858985695288,1,4.853315442351504,0,1,42.99437662878404
SN_1062,2026-04-02 09:02:00,1,3.0,-11.571428571428571,1,64.8798570455681,65.76630958477635,0.8966769510362439,1.218014300992665,417.4288809118814,48.295454628155454,3203.664776026705,-26.798456518449264,143.45425771083885,13.93405676609185,10.974276605025393,0,0,0,0,1,1,0,0,0,0,0,1,1,1,1,3.3454780169399485,136.55727660964635,13.463428263513858,1,5.004905014135728,0,1,106.86777614252448
SN_1063,2026-04-02 09:03:00,2,3.8571428571428577,-11.571428571428571,1,68.60094828811496,67.0249639572237,0.8823455683084505,1.1869841201719666,461.30169595649176,46.07298409989327,3248.1496345529035,-28.30582703151503,149.20117416184573,15.484997236221327,9.93513472231636,0,1,0,0,0,2,0,0,0,0,0,2,1,1,1,3.3333021464761785,150.1414806441509,13.29116974566856,1,4.659532305525294,0,1,73.26868438273016
SN_1064,2026-04-02 09:04:00,2,4.714285714285712,-11.571428571428571,1,65.17731102544904,70.78922279756722,0.9273081586191273,1.1814698151710243,441.1006478903542,45.193517918587716,3350.335425005439,-24.06157300482683,148.33997876183494,17.713311089328336,13.221804684976702,0,1,0,0,0,0,0,1,0,0,1,0,1,0,1,3.2411102164487735,150.30038422441928,12.034743878460203,1,5.4098860173757695,0,2,121.38961969395092
SN_1065,2026-04-02 09:05:00,1,5.571428571428569,-11.571428571428571,1,72.52982776727933,67.27241282051459,0.8915040811317791,1.1987511311464993,450.7297625983892,47.71963247132989,3434.03832942964,-25.123860227715852,139.08438478064772,17.735866821596538,11.600229488556943,0,0,2,1,0,1,1,0,0,0,0,0,1,0,1,3.3113984538448067,147.32752519830416,13.888121486132526,1,4.709355521737794,0,2,130.7701635133277
SN_1066,2026-04-02 09:06:00,4,6.428571428571427,-11.571428571428571,1,66.35863898796694,60.80137800436024,0.912474251792706,1.2001569779595775,467.4493507532524,45.21675614471375,2907.259563067567,-26.857809213023454,126.96850157436836,15.74275659941764,12.157145783702534,0,0,0,0,0,0,2,1,0,1,0,0,1,0,2,3.362662044249003,139.64649386065693,12.886575868738833,1,5.3925774289748665,0,4,108.19577403576702
SN_1067,2026-04-02 09:07:00,1,7.285714285714285,-11.571428571428571,1,80.82528033903301,70.4502514108498,0.9031420512547166,1.202186593067573,419.186492219493,51.173433531293284,3002.6838039425234,-21.62154707748843,91.10183409605055,14.897993359484712,11.997761883525818,0,0,0,1,0,0,0,1,0,1,0,2,0,1,0,3.2805476441028047,146.1105653101377,10.325347977258314,1,4.978978116017845,0,2,63.754013300933224
SN_1068,2026-04-02 09:08:00,1,8.142857142857142,-11.571428571428571,1,75.95274297171798,71.56245825395315,0.8852319892427705,1.1955367948476565,432.8877067346801,40.68476649961632,3396.416615210397,-22.665509705141517,133.56592028569867,17.433903733496145,10.9325660670395,1,2,0,2,0,0,1,1,0,1,0,2,0,2,2,3.2836334550983657,148.4639413318488,11.468392524989365,1,4.991376855844502,0,0,97.23952310456463
SN_1069,2026-04-02 09:09:00,1,9.0,-11.571428571428571,1,71.06287015316107,77.60822693804835,0.8999106793618091,1.1979936070117456,461.4331070271691,43.45448730272395,3158.4665966346793,-24.05643575787446,129.9780548938708,17.775323653872405,10.740935088551806,0,1,0,0,0,0,2,0,1,0,0,0,0,0,0,3.2623819733531674,146.55352870762079,14.220556124978508,1,4.2543388577357995,0,0,60.27803587425168
SN_1070,2026-04-02 09:10:00,2,-9.857142857142858,-10.714285714285715,1,75.13493131659867,60.506023867041606,0.9117600416896613,1.203675104105406,502.45553686366867,44.620443309138146,3099.2418816112886,-21.271347511658266,131.67978515585625,14.253004977231408,10.994684874002765,1,0,0,0,1,0,1,0,1,0,1,0,0,0,0,3.2772040725842735,144.80255733316062,11.45902821376232,1,5.029926015297165,0,1,154.0194482909642
SN_1071,2026-04-02 09:11:00,4,-9.0,-10.714285714285715,1,75.52950212178655,65.9715280526011,0.8971760799737054,1.2104043089264482,446.547941633463,46.31835807137397,3011.8758519506596,-22.674927933202774,130.64676816439848,14.19412952655043,11.276831561170606,0,1,0,0,0,0,0,1,0,0,0,2,1,0,0,3.2381341323646633,150.6423215950929,10.960004996529365,1,4.4270794301610925,0,3,134.35954801188825
SN_1072,2026-04-02 09:12:00,1,-8.142857142857142,-10.714285714285715,1,67.18026255970878,56.671605187244054,0.9178966941877654,1.180449512296817,464.7784029480983,48.80388146130927,3116.7474947683836,-25.645711803036864,114.08485405661011,16.3378850229754,12.366606247013806,0,0,0,0,4,1,1,0,1,1,0,1,0,0,0,3.3019257375724913,142.16344049346282,13.083613751943673,1,5.030797220791844,0,1,94.99285046480153
SN_1073,2026-04-02 09:13:00,2,-7.2857142857142865,-10.714285714285715,1,65.91891377729017,67.21259662551684,0.915322730891728,1.1963106056096853,447.325713253538,44.92680429829153,2989.644607486426,-26.078440327981532,136.68890268221423,16.94404095014334,11.20428233647939,0,0,0,0,1,0,0,1,0,0,0,0,0,0,0,3.274377947053498,144.3246712072819,11.579673881528635,1,5.969884131618345,0,0,163.0258286176531
SN_1074,2026-04-02 09:14:00,3,-6.428571428571429,-10.714285714285715,1,70.39071531484824,62.80719880733291,0.913783722819875,1.2021380879394106,498.5561398689075,40.73331105148138,3513.6641409098715,-22.364036911092278,137.5865957683822,15.551396372154917,13.746490631594622,0,1,1,1,0,0,0,2,0,2,0,1,0,0,0,3.1820603476921225,147.5024013182319,12.841177303691142,1,4.30522321044147,0,2,102.73278432914707
SN_1075,2026-04-02 09:15:00,3,-5.571428571428571,-10.714285714285715,1,74.30818062248972,72.69378317929981,0.893105148415905,1.1908202389538927,406.3194583258686,47.527541689365016,3196.634592202914,-23.2072660870653,138.1880653847159,17.018940729973522,13.027151035893151,0,1,1,0,1,1,0,0,0,1,1,0,2,1,0,3.508075386176574,146.2713638300996,11.945825886721623,1,4.926547287480663,0,1,71.30910868180054
SN_1076,2026-04-02 09:16:00,1,-4.714285714285715,-10.714285714285715,1,70.6953019932671,61.90154011992567,0.8838023632832778,1.2173116963176729,452.365526116734,47.2648762984259,3191.3074187355924,-23.660504464058675,141.35892404288063,14.934795089743927,12.808359549665708,1,0,0,1,1,0,0,0,0,0,1,0,2,0,3,3.2170057475885794,147.23985696110327,10.805016585303015,1,4.682251129599929,0,0,37.74729131434278
SN_1077,2026-04-02 09:17:00,3,-3.8571428571428577,-10.714285714285715,1,62.11501758904501,58.243267848130955,0.8907961859195581,1.1936459011977125,409.36139916094845,39.17442402186178,3288.2115012751747,-25.692995605737813,137.24861973905948,12.827959601389397,11.88034109752685,0,1,0,0,0,1,0,1,0,0,1,0,1,0,0,3.2892244906279475,147.13414655720018,10.96033206381245,1,4.479840851127338,0,1,102.29937285313156
SN_1078,2026-04-02 09:18:00,4,-3.0,-10.714285714285715,1,65.98587778024579,63.11494503718992,0.9029436141100008,1.1995870731299272,387.3357107365821,44.9885875989876,3344.3517753899855,-22.784104865988493,125.07964706153307,15.364148391501105,13.514280735720483,0,0,0,0,1,0,0,0,0,0,2,0,0,2,3,3.3048934322093992,147.09946644211468,9.471376233755855,1,4.604379261301312,0,2,147.89999206771375
SN_1079,2026-04-02 09:19:00,3,-2.142857142857144,-10.714285714285715,1,69.63013568202811,57.09804891513145,0.9081868007029854,1.2055602209684229,457.43655132794544,40.22957450795911,3341.8832234831957,-25.5109977662679,129.1499578250069,16.094848219769652,11.781994368878877,0,0,0,0,0,0,0,1,1,0,0,0,0,1,0,3.257210590632372,143.54072637728387,10.34222616261056,1,5.73541143634897,0,1,148.8074968545286
SN_1080,2026-04-02 09:20:00,3,-1.2857142857142865,-10.714285714285715,1,69.62167197837086,68.00439781802925,0.8674264289285933,1.194087152111981,453.4874449036865,43.00604670749381,3361.0432915861356,-24.203973309187354,131.09349840704053,15.586240060155315,11.968738585845754,0,0,2,1,1,0,1,1,0,0,0,2,1,1,0,3.2928225736966192,142.20997784942287,12.942567570586824,1,5.868243001920982,0,3,111.05765760231577
SN_1081,2026-04-02 09:21:00,4,-0.4285714285714288,-10.714285714285715,0,79.86271088394903,56.739667814974716,0.8998783019758237,1.1815342695219557,517.8790765564449,52.2915732191116,3105.3731673813713,-21.10611170722604,131.29239338927943,14.262095104510772,12.16997453974927,0,0,0,0,1,0,0,0,0,0,1,0,0,1,0,3.2345164168166556,145.54855514551033,13.808655576064712,1,4.476827532621892,0,0,80.65512430572664
SN_1082,2026-04-02 09:22:00,1,0.42857142857142705,-10.714285714285715,1,63.07006028800501,65.11383032473263,0.9023713383798478,1.1957134547308346,447.3451477490062,47.427794094725954,3155.319979256471,-25.321668471620292,141.97861187166075,13.276526536181773,12.701823040543344,0,1,0,0,0,0,1,0,0,1,1,1,0,1,1,3.3581743452642843,151.04475482840576,11.084360626997343,1,5.200454607310955,0,3,117.6426683650579
SN_1083,2026-04-02 09:23:00,1,1.2857142857142847,-10.714285714285715,1,72.52794620917938,56.68875272057521,0.8958368361552668,1.2102944055592704,527.4574858517815,45.35049052251655,3315.354748316341,-27.14597851414572,137.7240250362699,15.228866793448153,12.636908079002986,0,1,0,0,1,0,1,0,1,2,0,0,0,2,1,3.298220915693192,144.90055719089136,9.937525561371983,1,4.540503343221876,0,2,133.7482110565017
SN_1084,2026-04-02 09:24:00,4,2.1428571428571423,-10.714285714285715,1,77.44556554164144,63.71880878185343,0.9193691075852382,1.1966310487321485,443.54562154921416,41.143226997731915,3120.891640754057,-26.10509438374022,154.92812127483944,17.346483657474614,11.524874721555397,1,0,0,0,0,1,0,1,0,0,0,0,1,1,0,3.3574714606677873,147.39759364370488,13.706755995396957,1,4.6608381403046355,0,1,83.27396895275417
SN_1085,2026-04-02 09:25:00,4,3.0,-10.714285714285715,1,81.35724872711398,71.57351262321814,0.9063267011137631,1.19153565698541,462.7531090312519,47.640197888872024,3199.2340051959163,-22.011402346624752,156.47762775861605,17.884296159120524,11.467006280574047,1,0,0,2,0,0,0,1,1,0,1,0,0,0,0,3.4175916537354336,145.44974930444872,13.751142111061183,1,3.975384140232736,0,1,92.58060036694926
SN_1086,2026-04-02 09:26:00,4,3.8571428571428577,-10.714285714285715,1,67.97801288408019,66.44259156574319,0.9196528786212135,1.2092567220950272,433.76587950965296,40.69858252821476,3259.814564663722,-23.49053772523958,130.9557949913671,17.781570076207682,12.639902957152085,0,2,0,0,1,0,0,0,0,1,0,0,0,0,0,3.2775017004822318,153.13490075286518,13.084438134387662,1,6.065914233899514,0,2,122.0087482624238
SN_1087,2026-04-02 09:27:00,3,4.714285714285712,-10.714285714285715,1,72.457147263601,61.54602558014027,0.8967605921947466,1.1966922510397695,457.38081437601505,45.99034137141283,3317.7777623465563,-24.25775475737751,83.96013341848757,14.776135697277171,12.715236583891233,1,0,0,0,1,0,0,0,0,0,0,0,0,1,0,3.3618759157309333,144.44833583576198,9.823602323879726,1,5.549159283476847,0,0,150.2379752787955
SN_1088,2026-04-02 09:28:00,4,5.571428571428569,-10.714285714285715,1,72.84880178599323,64.87518604424366,0.9140621623876038,1.1948983918634979,444.0441581236096,42.557967992125334,2933.3478556444697,-25.018187610623137,144.8419895935272,14.269440514554454,11.606648875177127,0,0,0,0,0,1,0,0,0,1,0,1,0,0,0,3.4229076117775494,147.41134794377803,12.77267929366371,1,4.674157538087585,0,0,137.90549445248757
SN_1089,2026-04-02 09:29:00,2,6.428571428571427,-10.714285714285715,1,70.97740865776646,65.07206748817778,0.9245259959179128,1.201494560896633,439.73703793175673,43.90296875240844,3307.211847483342,-23.02928018489362,123.51548393215535,16.744951922469845,10.412811930321546,0,0,0,0,1,0,0,0,0,0,1,1,0,2,0,3.2901225833660424,142.12444405515407,12.827368300097785,1,5.1424196505932445,0,2,27.224357182130213
SN_1090,2026-04-02 09:30:00,3,7.285714285714285,-10.714285714285715,1,69.50577399380347,66.89052138337362,0.9196754017390899,1.2077075020961878,495.4724633050081,46.51281224411515,3164.941391322241,-25.698209701980446,120.38219293802791,16.952650017396888,11.792683903991755,0,1,0,0,0,0,0,1,0,0,2,1,0,0,1,3.3552879400054936,140.51824011950106,13.35086384334793,1,4.800009169995861,0,0,41.909617504980645
SN_1091,2026-04-02 09:31:00,1,8.142857142857142,-10.714285714285715,1,72.17987694750023,59.532566546876694,0.883617876098569,1.2238171353173255,479.42962407960846,46.56434819717859,3306.1186566296574,-23.38866886271481,125.2186567001276,16.600254407800747,12.62352579882586,1,0,1,0,1,0,0,1,0,2,1,0,0,0,1,3.262777457299934,144.97239308960337,12.226483537812747,1,5.47297607051794,0,3,146.80005796111513
SN_1092,2026-04-02 09:32:00,1,9.0,-10.714285714285715,1,57.33876957390157,67.37026909538932,0.8961948588368643,1.2082723610765742,453.4186661849808,49.01090722066788,3316.5397538532243,-25.462509137625915,124.64028343822473,12.978905088643355,13.805416846419782,0,0,3,0,0,0,0,0,1,0,1,1,0,0,1,3.39577696280831,149.72439170882032,10.874737449024854,1,4.829371989839354,0,3,144.07048723848484
SN_1093,2026-04-02 09:33:00,1,9.857142857142854,-10.714285714285715,1,73.41034745031315,54.1824334735889,0.894822529418253,1.2115983996638835,392.3947016014008,44.75323890098564,3441.1872591678734,-25.795318770550107,137.34723772126472,14.6996731226748,10.802042037659337,1,0,0,1,0,0,1,0,0,1,0,0,0,0,1,3.2600161380314163,147.5343557645102,11.393187544576927,1,4.902612679400042,0,0,79.98817677341412
SN_1094,2026-04-02 09:34:00,3,-10.714285714285715,-9.857142857142858,0,70.63088951830984,62.48046179054476,0.9073388180261449,1.1949403380101213,515.9747694186858,55.91935258889002,3403.0180471431804,-25.274974869650023,111.2867706504853,15.955466814571032,11.573428747169427,0,0,1,0,1,1,0,0,0,1,0,0,1,0,0,3.3562450716968595,136.65439826547845,13.765579405360837,1,4.668973388904636,0,2,108.13602081950386
SN_1095,2026-04-02 09:35:00,2,-9.857142857142858,-9.857142857142858,1,68.88762551610867,63.04690463019382,0.910295303325218,1.1897413189403052,517.5756891101271,43.68678803278703,3401.9857493915442,-24.750814892967924,117.06735105050078,16.73082729194564,11.610596438474623,1,1,0,0,1,0,0,0,0,1,0,1,1,0,1,3.3796094318069305,147.93143713018736,12.569313452028249,1,5.301946506180805,0,2,154.44167746972508
SN_1096,2026-04-02 09:36:00,4,-9.0,-9.857142857142858,1,80.23431097859779,67.53330730428496,0.887416609889614,1.2006233134961912,444.2334583340073,45.54596964786839,3416.5505478749355,-24.097659671867408,134.117902650369,17.15096104390373,13.355805339431502,1,2,3,1,1,0,0,1,0,0,2,2,0,1,0,3.2056818319831626,138.87459838874878,10.037914554898597,1,6.104664177232033,0,1,155.2644500650219
SN_1097,2026-04-02 09:37:00,4,-8.142857142857142,-9.857142857142858,1,66.62532990604724,65.09052341070748,0.9010175777087541,1.2010716991525958,477.58043930134147,46.318458144025534,3243.706847722392,-23.52908840977777,137.4753283649597,16.21638028342306,11.965058499541367,0,0,1,1,0,0,0,1,0,1,0,0,0,0,1,3.2466632086606717,148.35996866548155,14.559701035695205,1,4.857870472714766,0,3,136.76536978956827
SN_1098,2026-04-02 09:38:00,1,-7.2857142857142865,-9.857142857142858,1,67.98462005467485,59.37774778457485,0.8697010900176579,1.189214872586354,486.04856004881503,44.70507045763687,3204.827763055526,-31.376730582856887,137.69849973923215,16.496175709807353,11.092673440627735,0,0,1,0,0,2,0,0,0,1,0,0,1,0,0,3.2434255568752035,147.17763892343046,13.733320894302324,1,4.852135064564599,0,2,54.18080712379377
SN_1099,2026-04-02 09:39:00,1,-6.428571428571429,-9.857142857142858,1,79.95776651102366,61.06002749673194,0.9216291750870284,1.1982470547009598,455.47409789639937,39.58874854772251,3330.92256247675,-25.61530111549353,120.55556465280041,16.127298187541655,12.55869528292182,2,1,2,0,0,0,1,1,0,1,1,0,1,0,0,3.3863946306400687,144.40077821663266,14.493747994240458,1,4.987429701227068,0,1,129.16072425896806
SN_1100,2026-04-02 09:40:00,3,-5.571428571428571,-9.857142857142858,1,65.83969347575072,65.79472003818962,0.8923143863898496,1.2039931760171914,428.9544592032962,45.99441268899269,3309.8121427149536,-24.783139954712077,118.26081220880512,17.028429061327724,11.595361479959054,0,0,1,1,0,0,0,1,0,0,0,0,0,0,0,3.2059721891078845,147.90901042556828,13.701468575868441,1,5.130104496979397,0,4,38.558174257976155
SN_1101,2026-04-02 09:41:00,2,-4.714285714285715,-9.857142857142858,1,67.2494235853173,64.68373063254178,0.9008379590976675,1.2036039339501807,389.1171917054278,46.09368443206637,3153.640064489261,-20.98987592278334,123.92038199454497,16.469298477236368,10.775612726642045,0,0,0,0,0,0,1,0,0,0,0,1,1,0,0,3.326055138472917,143.94346800995652,10.607403282639268,1,4.850511447462012,0,0,152.72713816145796
SN_1102,2026-04-02 09:42:00,4,-3.8571428571428577,-9.857142857142858,1,69.26487288284575,62.683503561457016,0.8953552542901791,1.2050428785338427,467.10408021522386,42.95947957095615,3260.72351132124,-26.160005216764265,132.8784730274167,16.09860649007093,11.107226692723849,1,0,1,0,0,1,0,0,0,0,0,1,2,1,0,3.3581182172200514,145.5974547846053,12.495007427505223,1,4.80386932148785,0,2,45.47742771533489
SN_1103,2026-04-02 09:43:00,3,-3.0,-9.857142857142858,1,74.20367241064774,63.07666484195208,0.9171904136252013,1.2029096473013743,429.6310999294113,41.14683889178246,3194.7355299823107,-23.674406763800175,147.8257284312706,15.597446801293929,13.734041954422619,0,0,0,4,1,0,0,0,0,1,0,1,0,0,1,3.313551118653233,139.2470783474514,12.905241301596147,1,5.041262070664563,0,0,119.37820417604892
SN_1104,2026-04-02 09:44:00,4,-2.142857142857144,-9.857142857142858,1,71.03901253676656,67.78467198863716,0.8574374033790393,1.1949299134072995,454.4037612971923,49.4276374515119,3071.9100637309916,-21.009939380528326,105.430753770751,16.121937137563723,12.384209221649462,1,0,0,0,0,0,1,1,0,0,1,0,3,1,0,3.4019786406126453,143.97520287867522,9.983543990663582,1,4.124465707218862,0,1,111.87503149233821
SN_1105,2026-04-02 09:45:00,1,-1.2857142857142865,-9.857142857142858,1,63.536873264238686,62.92922970852314,0.8997508448651114,1.1948609937335115,418.7544915102659,46.4743365326832,3393.5691112064524,-26.625937059894547,127.3512549164996,16.72688706825891,12.107760055452543,1,1,2,0,0,1,0,1,0,0,1,1,0,2,1,3.1460324897094423,148.6954502846365,10.241420451321964,1,4.726299528618859,0,3,135.87355044665998
SN_1106,2026-04-02 09:46:00,4,-0.4285714285714288,-9.857142857142858,1,67.33915718436405,64.64763502388371,0.8984127186375346,1.188010486020061,443.36906148824494,44.31275690723487,3208.2798863795133,-23.212049548271196,114.00785870769755,16.40121308334709,11.750106264187954,0,0,0,0,0,1,0,0,1,1,0,0,1,0,1,3.348633243885829,139.67536272602945,13.115097350467314,1,3.9995034174172863,0,0,103.42716033961759
SN_1107,2026-04-02 09:47:00,2,0.42857142857142705,-9.857142857142858,1,66.96322783393894,73.67974635232217,0.8931954541861248,1.217847750391851,450.8429763725263,41.588901350557535,3507.3062386548277,-25.60454366786904,110.17308787175813,16.57123962751788,12.292148842118799,0,0,0,2,0,1,0,1,0,0,0,0,1,1,0,3.2854597461179367,148.27449473396194,13.234032444359444,1,4.753664080680663,0,2,32.577586854105434
SN_1108,2026-04-02 09:48:00,2,1.2857142857142847,-9.857142857142858,1,69.61389477388477,59.30526945246431,0.9258933981845345,1.2001345036461928,456.7148395261074,42.53455551473596,2956.176159470025,-25.00926748457847,141.60347974413781,18.014082792026777,12.280235946002493,0,1,0,0,0,0,0,0,1,0,2,0,0,0,0,3.179589769772555,136.9251211068832,15.552328543895982,1,4.525869920695977,0,1,125.64186058235748
SN_1109,2026-04-02 09:49:00,1,2.1428571428571423,-9.857142857142858,0,72.12921829314915,57.59262907370137,0.8866900581171635,1.1977514694420515,497.1294453161896,58.907771190358694,3116.483184073495,-25.606221667906627,136.53549489399205,16.39774588411988,12.292168828207327,0,1,0,1,3,0,1,0,1,1,1,2,0,0,2,3.2135121721650246,140.24161664867955,11.609420101331217,1,5.313490832398417,0,2,79.17425647227859
SN_1110,2026-04-02 09:50:00,2,3.0,-9.857142857142858,1,72.09102877943987,68.13435865919443,0.911576942658535,1.1907120791854753,479.9227737190338,45.412985822604135,3204.895825503631,-25.463714616831773,135.39320219136715,15.026502219290263,12.114845090277752,0,1,1,0,0,0,0,0,0,0,0,0,1,0,0,3.425208115248687,143.7408525868576,9.475582000491967,1,4.632392810798733,0,2,70.12104017555183
SN_1111,2026-04-02 09:51:00,2,3.8571428571428577,-9.857142857142858,1,61.11994122975799,62.28542775482359,0.9053437918305913,1.2293565790232777,435.0776303817007,43.34823879899788,3370.607164644337,-18.556175704187012,141.05231007677193,17.325410178991255,12.868798338305549,0,0,0,0,0,0,0,0,0,1,0,2,1,0,0,3.3505777094788396,145.61434000013853,11.773301132851516,1,4.8172436818596145,0,3,166.8009911328578
SN_1112,2026-04-02 09:52:00,3,4.714285714285712,-9.857142857142858,1,75.31970493780427,63.727049889029516,0.9189227887880328,1.189266719677771,408.1382634886689,46.529067693673966,3259.920405890328,-22.311088255856667,124.24337323880637,13.950702493496625,12.02310434600073,0,1,0,0,1,2,0,0,0,0,1,1,0,0,0,3.3641526333702507,142.70914928067478,13.26518984446293,1,3.9260749218371336,1,2,109.01756629820079
SN_1113,2026-04-02 09:53:00,4,5.571428571428569,-9.857142857142858,1,71.26284422998312,61.87537448747554,0.8899921637283374,1.1957115207439393,447.2744145009134,42.556805437661026,3246.570913127113,-21.796524276427583,124.80834980399766,14.377879928891069,11.022061164447361,0,0,0,0,0,0,1,0,1,1,0,0,0,0,0,3.3767171554624236,142.5999714461814,11.45385192017259,1,5.51119775173759,1,0,126.34354655079522
SN_1114,2026-04-02 09:54:00,1,6.428571428571427,-9.857142857142858,1,76.92266023796952,63.96079943692995,0.8890054665131436,1.2041583683628605,450.8593827256615,49.502529090841136,3030.910431116878,-23.01601302632701,156.2287674006709,16.503770897080102,11.387577109099132,1,0,1,0,0,1,0,1,0,0,0,0,0,2,0,3.191454067955741,149.42864151774265,12.152618687583479,1,4.4568000566991905,0,1,99.79096371873337
SN_1115,2026-04-02 09:55:00,1,7.285714285714285,-9.857142857142858,1,72.22099163645336,71.39415244838537,0.916441048612161,1.2060021296574428,454.014735829294,49.058401604690175,3026.458790415579,-27.212513576803914,127.0411473488851,16.774595001679867,10.020981306510288,0,1,1,0,0,0,0,1,0,0,0,0,0,1,1,3.3196582713455753,149.7547607002502,11.036853347268021,1,4.758664564029011,0,1,134.87606101703798
SN_1116,2026-04-02 09:56:00,1,8.142857142857142,-9.857142857142858,0,75.50661478867882,68.20851383447248,0.9063798196249517,1.2095793205521568,559.053310092127,53.60027778639167,3248.375699043486,-23.210084059353385,138.8215853566491,14.132423164744008,14.026817116042393,0,1,0,1,2,1,0,1,0,1,0,1,2,1,1,3.3878734915096818,143.30241907276195,13.789642733724877,1,5.389048482574095,0,3,132.29847391199644
SN_1117,2026-04-02 09:57:00,1,9.0,-9.857142857142858,1,72.33272655725064,68.44889404754791,0.8768259397998487,1.2180760850776926,444.0887790816035,43.11398925890742,2995.3841009272464,-21.854140770985307,130.0765784915598,15.425773778519876,12.862754591952687,0,0,0,0,0,0,0,0,0,0,0,1,1,0,0,3.2677917962381624,143.42355049980347,13.116923373529595,1,5.390921656621786,0,1,118.62904065794311
SN_1118,2026-04-02 09:58:00,1,9.857142857142854,-9.857142857142858,1,76.73112878101374,59.335091776829415,0.8919104247830509,1.205061576554607,447.0095093907807,37.14560040392316,3120.2183374566007,-25.706798948078223,107.82089763905901,15.090874251670511,11.169929504870764,2,1,0,1,1,0,1,0,0,0,0,1,2,0,0,3.4089957139100124,143.85178279552832,10.76988819248714,1,4.444595688122228,0,0,167.67500084790385
SN_1119,2026-04-02 09:59:00,2,10.714285714285712,-9.857142857142858,1,72.6112531800889,60.39538505378852,0.905795739807721,1.1894396920003332,422.4203904691727,40.55525768534589,3275.1375993628785,-22.069346665677745,105.46445195438478,15.269985515677606,11.7181551506029,2,0,1,0,1,1,1,1,0,1,1,0,0,0,0,3.2509914767787373,153.8709814261939,11.21711163172069,1,5.26347310951716,0,0,90.21026890797184
SN_1120,2026-04-02 10:00:00,3,-11.571428571428571,-9.0,1,69.51042376778548,53.64368536205829,0.9125664633231989,1.1974305487487822,470.5138375721974,40.98159067512673,3052.6513591584835,-22.591327580291843,123.05218936072114,17.415396664409418,11.363123525793567,0,0,0,1,0,0,1,0,1,0,0,0,0,0,0,3.3099808953071013,145.06784859822,10.980762093251746,1,4.42563568589535,0,2,125.69169815493433
SN_1121,2026-04-02 10:01:00,1,-10.714285714285715,-9.0,1,81.3621736022344,61.76247671566898,0.8898115402021057,1.2030783237251388,454.6077266019526,45.40557102296216,3440.803394354271,-20.29591991037266,142.67321502003986,17.059758195320878,13.542547211374117,0,0,0,1,1,0,0,1,0,0,0,1,1,0,1,3.3318027222957642,151.28406662579357,9.210567669298232,1,5.11615502243116,0,3,138.88002664390822
SN_1122,2026-04-02 10:02:00,3,-9.857142857142858,-9.0,1,74.44518561139947,68.82681274554264,0.856286160152746,1.2206822604150582,439.49930681764596,44.02129888667592,3383.5904516356836,-24.835566025027237,139.45949987963203,15.971316730219439,10.580122835729071,0,0,0,0,2,0,2,0,0,0,0,1,1,0,1,3.3603678739145595,147.92806905958818,10.857025046810744,1,4.607871407014698,0,2,78.14899818161439
SN_1123,2026-04-02 10:03:00,3,-9.0,-9.0,1,72.86872210502207,67.06778606299348,0.9078483477860555,1.186021945215757,402.3831326633634,40.96399353775428,2964.287000249255,-26.195221964551454,140.96892597068842,15.181057109327607,12.114476058818779,0,0,1,0,0,0,0,0,1,1,1,0,2,0,0,3.2769810831413126,144.5805390757559,9.340705463357093,1,4.492443731859348,0,0,89.83320396772108
SN_1124,2026-04-02 10:04:00,2,-8.142857142857142,-9.0,1,63.61847791730832,64.11394694819151,0.8816951896508404,1.2120257650522521,486.1103048763772,44.156507872606326,3060.144313522702,-24.723256218745092,118.15544585276422,13.975525494669789,11.891472157435151,0,0,0,0,0,0,0,0,0,1,1,1,1,0,0,3.380968969497313,142.41044937165367,13.400369432752218,1,5.017624378699226,0,0,163.5600863602443
SN_1125,2026-04-02 10:05:00,1,-7.2857142857142865,-9.0,1,63.55846191268231,64.91079886512779,0.8697399180281639,1.201799143695464,419.3080008885986,46.516011442942045,2857.1334133257574,-21.128858013672755,149.39046988146777,18.130277408172923,12.826838630709114,0,0,1,1,1,0,1,0,1,1,1,0,1,1,1,3.3342411580612716,148.11675888564363,13.519312697483292,1,4.638242651159103,0,1,28.649906466231563
SN_1126,2026-04-02 10:06:00,2,-6.428571428571429,-9.0,1,71.46357741070926,62.244457829698376,0.8575151111252379,1.2083783053522947,435.21804976575737,46.583518049746765,3082.61129561778,-27.656811761683926,118.42128039776338,16.88817085042738,11.895990772275304,0,0,0,2,0,0,0,0,0,0,0,0,0,0,0,3.1688965106336133,141.85547745526958,11.5518160902411,1,6.00929016230576,0,2,72.28257417037166
SN_1127,2026-04-02 10:07:00,1,-5.571428571428571,-9.0,1,70.7276059888412,65.81903552960713,0.9122097129029662,1.1989800528336407,458.95861277690005,39.30098915742336,3314.9582714858598,-28.136751430862063,132.55389278403962,14.93999634389029,10.241791123344566,0,0,0,1,0,1,0,2,0,2,0,1,0,1,2,3.446925810722312,143.45394781914433,12.307043788705162,1,4.691111691943119,0,2,94.01466657676848
SN_1128,2026-04-02 10:08:00,2,-4.714285714285715,-9.0,1,66.92938717495842,68.06351311792245,0.9019292617560746,1.1915756736987366,420.0860517845828,44.61520955854851,3137.9157586587717,-23.821209442136773,129.87577252110717,17.079399246437337,11.748882165357559,0,2,0,0,0,1,0,0,3,0,1,0,0,0,1,3.2233707683657054,147.63536793748594,13.60649949118743,1,4.404021756677462,0,2,24.210959001963396
SN_1129,2026-04-02 10:09:00,3,-3.8571428571428577,-9.0,1,70.70491349806031,58.53645285035811,0.8966151542893163,1.2075087277940133,412.6622555436714,40.84997766908517,3269.119586542395,-24.885178585548314,127.91351415622496,15.894664569138062,11.027837782056675,0,0,1,1,1,0,0,2,0,0,0,0,0,1,1,3.4535200444242142,144.03766152615708,13.17567306113763,1,4.5505709139461885,1,1,153.47430254495208
SN_1130,2026-04-02 10:10:00,1,-3.0,-9.0,1,77.94313464021798,66.19859075134939,0.9208353654444414,1.2065443102710562,396.9013104324834,47.70518609142082,2971.6498522577385,-23.98454421364863,146.0631056595473,15.569335742706485,12.07957954655656,2,1,1,0,0,0,0,0,0,1,0,0,0,0,0,3.287385164704623,143.4201890077497,15.007047914016573,1,4.99130963353918,0,1,65.21919363055085
SN_1131,2026-04-02 10:11:00,4,-2.142857142857144,-9.0,1,73.47701237275149,68.72973948381866,0.9095598702453461,1.2097205696573972,468.0249238226409,47.352439249060495,3319.696288187286,-22.10937645752827,121.53867375800847,16.652817292434403,13.434177036520326,0,0,1,0,1,0,0,1,2,0,1,0,0,0,0,3.272487320625521,143.76822377469983,12.389118691106635,1,5.055992161594061,0,2,61.10949582375998
SN_1132,2026-04-02 10:12:00,3,-1.2857142857142865,-9.0,1,64.29495745123631,63.33959884414652,0.9242445006408287,1.1998669536462137,436.37034388184196,42.305918321026624,3116.7336158107473,-25.105138692237706,113.80473693145686,14.887752625130913,10.260574755767722,0,1,1,0,0,0,0,0,0,0,0,1,0,0,0,3.3319390541001193,142.25318798004062,14.178953000215053,1,5.154760874782697,0,1,142.12697213093884
SN_1133,2026-04-02 10:13:00,4,-0.4285714285714288,-9.0,1,69.44245586428528,67.80280244848234,0.879108967917495,1.1940017797668014,523.1817523118333,42.7018643927988,3201.8254523424357,-27.746011661861242,130.23994583447703,15.484365220734835,11.199777264600096,0,0,0,0,0,2,0,0,0,1,0,0,0,0,0,3.2441109396950907,146.79785860789792,12.142679953478389,1,5.4557544934425986,1,3,64.02958490435645
SN_1134,2026-04-02 10:14:00,3,0.42857142857142705,-9.0,1,65.97516759573719,76.25861777789021,0.8994817406406905,1.1844121300497616,425.1411233592282,43.61619884850508,3186.068824791042,-19.91103688560011,125.20207918856168,16.18219159629932,11.447307046216503,1,1,1,0,0,0,0,0,0,0,0,2,0,1,2,3.1491267781607615,145.14498290929305,11.820752312769057,1,4.164547782907809,0,1,118.69765352189123
SN_1135,2026-04-02 10:15:00,2,1.2857142857142847,-9.0,1,68.06150041795719,64.58262882805244,0.8757492993757798,1.208193732681394,426.96372441427695,38.24161981580598,3009.2677218661574,-25.994456574877553,170.52859502899176,15.25082321067218,11.618368904586788,0,0,0,0,0,1,1,0,0,0,0,0,2,1,0,3.291255304273538,139.57531175522013,13.018026097226297,1,5.4785812201112005,0,3,142.29645272188213
SN_1136,2026-04-02 10:16:00,1,2.1428571428571423,-9.0,1,67.93192167185178,66.57322820002129,0.896559265022168,1.2042388948244398,435.86517574286495,46.00790452032173,3027.0373502390325,-26.118074244024196,138.1180897172797,17.003627815401288,12.740125664105244,1,0,0,0,4,0,0,2,0,0,1,0,1,0,0,3.330004224827608,143.05013269816405,12.82822981975985,1,4.543048268001986,0,0,138.11666607029363
SN_1137,2026-04-02 10:17:00,3,3.0,-9.0,1,67.61177208697997,62.04777166535443,0.8962707621934999,1.1903421736713604,456.07836637846225,44.181466360979606,3345.169170350514,-21.792559972554805,125.08791309737651,18.80359975551739,11.826455582438612,0,0,0,0,0,2,1,1,0,0,0,1,1,0,0,3.423021596310969,143.53183441567018,11.088117411122221,1,5.200826461859819,0,0,136.60090618933376
SN_1138,2026-04-02 10:18:00,2,3.8571428571428577,-9.0,1,63.72432314013302,65.7250046504082,0.9093992045589461,1.1946142632670338,438.2449165303672,47.910525247703575,3259.848823625254,-24.768978242083037,117.32666116975496,14.868552801089287,12.415802725720445,0,1,2,0,0,0,0,0,0,2,0,0,0,1,1,3.204691171926696,143.50382350242134,10.763953326111896,1,5.8605520483016,0,1,36.76381006059382
SN_1139,2026-04-02 10:19:00,1,4.714285714285712,-9.0,0,69.36172659240906,66.84108649992922,0.9006834582171285,1.1953324118804856,540.3083053500628,51.70477234611234,3357.507356233014,-24.126779704069623,107.43653907317459,13.502312055543934,11.374226956268224,0,0,2,0,1,0,0,1,3,1,2,1,0,1,0,3.346417859972191,147.39636706845982,12.112163367875217,1,4.600868895880437,0,1,35.49796333042045
SN_1140,2026-04-02 10:20:00,1,5.571428571428569,-9.0,1,67.19696181576344,65.77936936108055,0.9093511070741988,1.1851701556801757,425.53529025028365,43.14263115525021,3248.6987353253776,-23.034419751879366,117.6973709711508,12.997389748785608,12.229924345417938,0,1,1,1,0,2,0,0,0,0,1,0,0,0,0,3.291687989410388,142.19122602043757,9.16489388930201,1,4.5801613769119065,0,1,68.1748851461838
SN_1141,2026-04-02 10:21:00,3,6.428571428571427,-9.0,1,55.35275654998866,60.92121872116457,0.9105516019970834,1.1918231760339486,415.4602070384105,40.48042422588266,3221.4485952213827,-21.832833793780008,131.3793012611096,15.774297787757527,12.777797630877714,0,0,0,0,0,1,0,0,0,1,1,0,0,1,0,3.302643339130516,155.8155007703569,11.538704431932315,1,4.487858691952049,0,1,29.176494892226557
SN_1142,2026-04-02 10:22:00,1,7.285714285714285,-9.0,1,80.26486012250831,65.8254470853018,0.9323239301607471,1.1886616964319363,405.04463151477233,41.98712830951724,2941.098407199985,-24.666921386363544,147.12794381913724,15.005253114810726,11.267700450262911,0,0,0,0,0,0,3,0,1,0,1,1,0,0,0,3.377763590968203,150.5422223288679,10.526492218569409,1,4.831006037357059,0,2,96.06188205877407
SN_1143,2026-04-02 10:23:00,3,8.142857142857142,-9.0,1,75.44384827108335,70.84878375487055,0.8952705501707081,1.1958752098811205,394.41064580157007,41.45405401179534,3159.4449954858246,-20.960095988171403,143.46026970865503,16.311790751600622,12.781358119806514,1,0,0,0,0,1,0,1,1,1,1,1,0,0,0,3.2590861729077067,150.52294565055638,11.135480607399373,1,5.632689320493003,0,1,80.84861754291143
SN_1144,2026-04-02 10:24:00,1,9.0,-9.0,1,68.11849637537502,66.79454305805811,0.8858846594900044,1.1926130250167044,437.0482745131236,47.98792103653933,3195.8923519394384,-28.27159969746961,132.74913797975654,16.19889650803915,12.052372768727569,1,0,0,0,1,0,1,0,1,2,0,0,1,0,0,3.3134020780129796,140.8652047487708,10.831901026110444,1,4.442848207684234,0,1,104.21173140621347
SN_1145,2026-04-02 10:25:00,4,9.857142857142854,-9.0,1,70.094095248703,68.84794875628737,0.9036912542297462,1.1837299507913324,442.47549219016946,42.90521445374582,3492.966079740886,-22.480425526093846,126.12198801157018,13.595174730078856,13.045460240482253,0,2,0,4,1,0,0,2,0,0,0,0,0,0,0,3.3871950230561443,136.87769355269648,13.15186345105742,1,4.753123304069217,0,0,67.02554956843542
SN_1146,2026-04-02 10:26:00,2,10.714285714285712,-9.0,0,64.14172826341219,64.05195211994949,0.8879657995929069,1.2202259023056947,509.2140743129204,55.37252705423384,3303.0434948148018,-25.679055116035315,133.22574827694586,13.27767425577789,11.798580099923026,0,0,1,0,2,1,1,0,0,0,0,0,0,0,0,3.38236803089519,143.6437224215389,12.670019442076008,1,5.48786947238772,0,2,93.9485764306215
SN_1147,2026-04-02 10:27:00,4,11.57142857142857,-9.0,1,78.47861438905433,67.99960095769484,0.922229411526548,1.2125254073102922,481.0851449296791,43.85770978841459,3430.4091772564293,-21.255457366784018,123.77634403018509,16.443899860519142,12.3812446551621,0,0,0,1,0,0,0,1,1,0,0,0,1,0,0,3.2023771852688303,146.1741034904466,12.079428787065066,1,5.3119756589383,0,0,72.20324628370375
SN_1148,2026-04-02 10:28:00,3,-12.428571428571429,-8.142857142857142,1,79.48644347386556,66.1170713528661,0.8957517294158215,1.1922098057848,480.70075524020336,41.19160420196156,3289.6306558842093,-23.71591104233891,150.6203679491665,16.203143252079936,11.95939376832147,0,0,1,1,0,1,1,0,0,0,0,0,0,1,0,3.250964959781241,144.35216483475992,11.424935438558894,1,4.750142164167147,0,0,52.10996528015644
SN_1149,2026-04-02 10:29:00,4,-11.571428571428571,-8.142857142857142,1,70.78346864123262,61.19635708125107,0.8915163544818901,1.202724213966536,441.62992531388744,44.49509873048507,3093.304515957578,-25.345810664018803,127.72971782469904,15.361273002450172,11.903787737959421,0,0,0,1,0,1,0,1,0,1,1,1,0,1,1,3.2885018910553563,142.88070793789677,13.55204751371705,1,4.894540294851261,0,1,117.50880208384535
SN_1150,2026-04-02 10:30:00,3,-10.714285714285715,-8.142857142857142,1,75.11765322092673,66.2740840191955,0.8929302641827332,1.204174650898213,405.1519721702009,46.79730999559079,3217.5686324224775,-22.674317813956733,128.96394570103928,13.514284622301544,12.258930428225689,1,1,2,1,0,0,0,1,1,0,1,0,0,0,1,3.365115085961906,138.03604841758596,13.350972896270145,1,5.457926529157041,0,0,120.97476981588267
SN_1151,2026-04-02 10:31:00,1,-9.857142857142858,-8.142857142857142,1,70.87643389466962,61.03321334623876,0.9107762613520747,1.2119108585477347,435.8323722986237,41.376721822369944,3235.433546939635,-22.213623305585497,103.41013089975198,16.707086894147487,12.536807469224904,0,0,0,1,0,0,0,0,0,0,1,0,0,1,0,3.279903774971251,142.31143490644087,11.833288012207273,1,5.79088185148074,1,1,143.40936375596402
SN_1152,2026-04-02 10:32:00,1,-9.0,-8.142857142857142,1,63.31637280562035,62.46847890046083,0.8976337952515278,1.1918139497333993,435.00446515207346,47.427338372194136,3059.1266645343976,-22.716211754282725,127.65478184172683,17.907849318135916,10.750435088075996,1,0,1,2,1,1,0,0,0,0,0,1,0,0,0,3.30661903378039,144.0276793240909,14.03212011847776,1,5.8505062052683625,0,1,149.96425677413637
SN_1153,2026-04-02 10:33:00,3,-8.142857142857142,-8.142857142857142,1,67.94088315518171,65.7573132291695,0.8903749976980443,1.2109210678398241,433.57162594304856,42.45083723556691,3142.3418935110617,-26.059392479266123,140.03780965557928,16.416973660328384,13.433633608817878,0,0,0,0,0,0,0,0,1,1,0,0,0,0,0,3.400024735111801,143.0185312889412,11.715685278562487,1,5.689900776593957,0,0,125.44251422897983
SN_1154,2026-04-02 10:34:00,4,-7.2857142857142865,-8.142857142857142,1,70.65963983385979,66.18897709352049,0.924980278764353,1.1945209469579305,432.5570274025439,43.55104822178148,3169.1349509484244,-24.96803424724417,117.18732907553746,14.728789164152403,10.140336959450202,1,0,0,0,0,1,0,0,1,1,1,1,0,0,1,3.2729072649768503,142.9957644780276,12.307053786356878,1,4.66497015706733,0,1,122.99972448444173
SN_1155,2026-04-02 10:35:00,1,-6.428571428571429,-8.142857142857142,1,67.72726140628278,60.24307013969148,0.8871574523900738,1.1866413759583139,433.66342760687985,46.59204936903014,3440.8429748847675,-24.00814567424287,120.99135598608625,16.066828248356728,11.315187890261104,0,0,0,1,2,2,1,3,0,0,0,0,0,0,0,3.417852700585157,141.80685133125706,11.138672069689664,1,5.909313886017784,0,0,32.16129580845204
SN_1156,2026-04-02 10:36:00,2,-5.571428571428571,-8.142857142857142,1,68.90673361282482,69.2159430847315,0.900533491110495,1.2072413655931449,440.33645960255603,43.009691528341534,2887.8889211913533,-24.08251930530012,139.512532212804,13.950828878599474,11.9057309292351,0,0,1,0,0,0,1,1,1,0,0,0,0,0,1,3.171565306693133,151.61943373995132,11.410184650826217,1,4.630561751822194,0,0,39.8082107699767
SN_1157,2026-04-02 10:37:00,1,-4.714285714285715,-8.142857142857142,1,69.54300221245443,67.2880251132019,0.9097845922741534,1.2129075842412242,434.1114725296111,45.112724578007594,3380.8727631074066,-22.500509049123306,112.28011331778336,17.58694107075819,12.412355969085947,0,1,2,0,1,0,1,1,0,0,0,1,0,1,0,3.268579884963718,147.8337892197946,11.059475212925484,1,4.174434763184456,0,1,141.00903029628574
SN_1158,2026-04-02 10:38:00,2,-3.8571428571428577,-8.142857142857142,1,69.59560751067269,62.181086257556466,0.8755299733437439,1.225879089735307,455.2080627156398,44.05592751363572,3059.4807147560928,-28.029802465013216,142.69361209050302,16.12276650179431,13.57617252774138,0,0,0,0,0,0,0,0,0,0,2,0,1,0,0,3.1907884398123234,148.82403975051844,13.031387784973802,1,5.056180767871927,0,2,57.544981673802944
SN_1159,2026-04-02 10:39:00,4,-3.0,-8.142857142857142,1,70.26129245248741,58.8496608142033,0.9072039075210889,1.1880027473490977,459.0092178976215,45.388104020111456,2994.188121909558,-23.331345890892994,123.61427331792278,13.347764632370152,10.141708511774892,0,0,1,0,2,2,1,2,1,0,0,1,1,0,0,3.309335885058064,146.09108856401815,12.564329245683378,1,5.738108259014867,0,1,75.20136867125996
SN_1160,2026-04-02 10:40:00,2,-2.142857142857144,-8.142857142857142,1,64.69697466801699,64.42038168367428,0.8841733848677933,1.2069891968508077,427.23387282043774,37.857782683429505,3376.9913195057698,-24.57996270887328,125.33718135410557,15.548988459334476,11.49230587161029,2,1,0,0,0,0,0,1,0,1,0,1,0,0,0,3.3600793297422404,139.65960861512897,10.42089192799313,1,5.331812359160615,0,0,44.92281892932626
SN_1161,2026-04-02 10:41:00,2,-1.2857142857142865,-8.142857142857142,1,66.41491925436031,63.21622514455536,0.91234174171251,1.1959019875620647,481.7766331501758,39.51095455437575,3309.7847103851573,-25.677001232767903,116.51345913849286,16.694952265351347,9.873166512200735,1,0,1,2,0,0,0,1,1,1,1,0,1,0,0,3.287102671552605,147.95372481875228,12.849673575636528,1,4.963144742934937,0,1,52.10188347478834
SN_1162,2026-04-02 10:42:00,2,-0.4285714285714288,-8.142857142857142,1,63.57707867150015,65.4525618282121,0.8855602348212154,1.2078335871052404,425.49844245398464,46.84790101814051,3388.1778053571784,-25.4849735555392,134.5365551251346,15.500428568536716,12.031621973910248,0,0,0,2,0,0,0,0,0,0,0,0,0,0,2,3.2620455673080193,150.392890268228,14.68942658432313,1,5.145681557991885,0,0,135.6600818933097
SN_1163,2026-04-02 10:43:00,2,0.42857142857142705,-8.142857142857142,1,74.889077748431,63.54753335537774,0.9103915354777329,1.1852951044876874,409.5549846546166,48.11154421694715,3320.1052921318364,-24.42907532903593,159.51846382035257,15.586156417839739,12.27168358450003,0,1,2,0,0,0,0,0,0,0,0,0,0,0,0,3.1912304362182664,150.97623566658956,11.009885949834914,1,5.266066003917997,0,0,61.70778521023751
SN_1164,2026-04-02 10:44:00,1,1.2857142857142847,-8.142857142857142,1,59.47176529079837,56.970172557019964,0.9165874959944207,1.1873723022430143,459.5194517841263,42.26853988940544,3508.97675026061,-31.202170208919036,139.37796687352758,14.163396689429092,13.590795742171252,0,0,1,0,0,0,0,0,1,0,0,0,0,1,0,3.434506792892527,147.49455368813605,10.924112156129922,1,5.073783647277447,0,0,88.66103514204337
SN_1165,2026-04-02 10:45:00,2,2.1428571428571423,-8.142857142857142,1,75.76795171658463,63.44661224679537,0.9129215478844921,1.1922412517683352,429.5647966396415,44.267914943486595,3283.808575541673,-25.4025791415831,119.62857685671356,16.849811480622485,12.120634760893454,1,0,0,1,0,0,0,1,0,1,0,0,1,1,0,3.29820705089649,145.00395063663603,12.01210032278938,1,4.852321323655903,0,1,45.84067772053046
SN_1166,2026-04-02 10:46:00,1,3.0,-8.142857142857142,1,76.93174698631421,63.777523555726745,0.9037697497235716,1.200789640456681,458.0322867689347,45.884157758706905,3176.5283935815264,-25.751629649292585,143.6274470258977,15.027296199971294,13.04402512944238,1,0,2,0,0,0,0,0,0,0,0,0,0,0,0,3.263828558592753,144.99243374161674,14.067352140004548,1,4.629627690555478,0,0,121.6219065095182
SN_1167,2026-04-02 10:47:00,2,3.8571428571428577,-8.142857142857142,1,68.4890970650869,67.53464409909624,0.8965304858560545,1.1935891873346165,389.90828497248674,47.079652804976114,3251.4389565982015,-22.934433581354753,126.199845448789,12.765331934492451,12.583837081539059,0,0,0,1,0,1,0,0,1,0,0,1,2,1,1,3.425002593083825,147.07513858231377,11.34253158534079,1,5.056160934318056,0,0,128.87084171522056
SN_1168,2026-04-02 10:48:00,3,4.714285714285712,-8.142857142857142,1,56.98431456086351,62.2072013015558,0.8913537063549773,1.2065905434391342,484.8113985370767,38.916968184987454,3386.5203692518944,-25.611053365021043,146.4938197771307,15.44311394399441,11.56475180299483,0,0,0,1,0,1,0,0,0,0,0,3,0,0,0,3.271836371570265,138.4359672152083,14.762776398922954,1,4.938724784540518,0,0,76.0836937774148
SN_1169,2026-04-02 10:49:00,4,5.571428571428569,-8.142857142857142,1,68.19344719016355,71.71469869349026,0.9220655203622565,1.210268946182579,466.80733520101006,42.34187925906487,3083.0937012109825,-24.43022760034098,139.68011682597236,17.47172457335553,10.59103925320796,0,1,0,0,0,1,0,1,0,1,1,0,1,1,0,3.227171013805346,147.55431823666834,10.414412042506314,1,5.001803676853815,0,0,137.00351704167608
SN_1170,2026-04-02 10:50:00,2,6.428571428571427,-8.142857142857142,1,69.6790791935559,57.35343779739297,0.8895075716974854,1.2059957754124535,412.48808627092495,44.002261860450375,3102.216712620293,-20.915446744677396,94.6823012143392,15.419605830100078,12.275002298291811,2,0,0,1,0,2,0,0,1,1,0,2,1,1,0,3.243177555577871,143.0572582252516,12.282072849515131,1,5.5229972284795075,0,1,58.54655787678621
SN_1171,2026-04-02 10:51:00,3,7.285714285714285,-8.142857142857142,1,64.94700890035543,70.2446699912105,0.88444400889645,1.2161878763966087,413.0305719038429,47.10942059170815,3153.6559978103137,-22.011296960369155,117.95104440453967,18.60697747768528,10.507897982854637,2,0,0,0,0,0,1,0,1,1,2,0,1,1,0,3.2314208035533145,153.8378671592118,9.44810989570071,1,4.87618112258784,0,1,123.63415614242248
SN_1172,2026-04-02 10:52:00,2,8.142857142857142,-8.142857142857142,1,67.42390803095878,64.10272411648758,0.9099805340254925,1.2041582662945534,491.8066476024382,52.49529145116448,2884.3125801852,-22.195457200113093,141.33262267402466,16.643451922822777,13.295207072669644,1,0,0,0,0,1,1,0,1,0,1,2,0,0,0,3.214717746662839,143.79801044257837,10.595779574305478,1,4.895934458727748,0,1,129.11489972454535
SN_1173,2026-04-02 10:53:00,2,9.0,-8.142857142857142,1,77.65097599431675,68.43833948937423,0.8880579479522026,1.1878310328965982,431.56550241255104,44.31598281957085,3220.711761262632,-24.999744860821703,131.81988726574022,16.50813724342055,11.837937897963176,0,0,0,0,1,2,1,1,1,0,2,0,1,2,0,3.244525076578239,145.77814823239777,11.679898608152284,1,5.094955449719573,0,0,163.48666240158377
SN_1174,2026-04-02 10:54:00,2,9.857142857142854,-8.142857142857142,1,73.3246358115087,65.31920593623494,0.8857490475380081,1.2136337651353835,429.1453787816844,40.779067613688035,2917.080694407346,-22.913935441420694,117.7149286275058,15.807402601123586,13.195177411511416,0,2,0,1,1,0,1,0,0,1,0,0,0,0,0,3.49319605069699,145.57887829871385,12.40529118191897,1,6.312929197658999,0,0,57.45431978688714
SN_1175,2026-04-02 10:55:00,3,10.714285714285712,-8.142857142857142,1,65.3771794281095,69.55822214410188,0.8783459360674536,1.19394843764394,393.3486976462679,46.2068042316039,3207.958896939893,-24.467795600907188,122.39692581407425,15.897570688353564,11.5197855658676,1,0,1,0,0,0,0,1,0,1,0,1,0,0,0,3.208014162775402,142.23145020946205,13.861097965910513,1,4.454051808978905,0,2,37.494309126156395
SN_1176,2026-04-02 10:56:00,4,11.57142857142857,-8.142857142857142,0,62.01200415202284,63.450552141788755,0.8927563524080923,1.2091041849968556,516.2305448599611,58.96298736862213,3329.7934634202875,-24.392186421353877,107.12516055892743,15.604864547320744,12.268850786400993,2,0,0,1,0,1,0,1,0,0,0,0,1,0,0,3.1806278434149347,146.829208398453,10.951006034447039,1,5.54593800312375,0,1,61.87710080972927
SN_1177,2026-04-02 10:57:00,3,12.428571428571427,-8.142857142857142,0,68.36491341195115,60.605518299288754,0.8987592746415526,1.215737342165551,519.3070096291062,55.3240423629385,3128.468530903425,-23.180629312506902,128.93952054968324,15.54659591187621,12.209348857334689,0,0,1,1,0,0,0,1,0,1,0,1,1,0,1,3.3222423574063145,146.36836098508394,12.630965866867035,1,4.850503325913621,0,0,41.692156307825144
SN_1178,2026-04-02 10:58:00,4,-12.428571428571429,-7.2857142857142865,1,68.93271610324781,70.68201714908426,0.9036463759149105,1.204566880107304,467.8873274192371,42.28005436453712,3451.5673805280308,-25.193987176841866,156.52827671218918,16.796300743100723,11.954955881989076,0,0,0,1,3,1,1,0,0,0,0,0,0,0,0,3.2939226896748286,149.09121933835297,9.991339376364873,1,4.96950590678932,0,1,48.435980423180595
SN_1179,2026-04-02 10:59:00,2,-11.571428571428571,-7.2857142857142865,1,72.48099593681658,64.54607741647143,0.9142695936644922,1.1850384118683535,415.0230392953881,47.87398182444006,2980.924865087227,-21.01399379111359,139.6592006887879,14.596253155314152,11.567340486603408,0,1,0,0,0,0,1,0,1,0,0,0,0,0,0,3.352803276525666,147.88178977302354,13.514780241118563,1,4.343917935072302,0,1,72.11248970726032
SN_1180,2026-04-02 11:00:00,1,-10.714285714285715,-7.2857142857142865,0,67.32341643716171,65.88623389449684,0.907903468854987,1.190817878334902,486.9928301939848,56.9906368554953,3378.689102244775,-24.320260279195875,156.28500401426106,14.386159256913611,12.39245601847052,0,0,1,0,0,0,0,2,1,0,0,0,0,1,0,3.255673254382084,145.74858967887212,13.96557345242916,1,5.94023142507409,0,4,83.61466752796812
SN_1181,2026-04-02 11:01:00,2,-9.857142857142858,-7.2857142857142865,1,72.55749787680931,69.93900765617919,0.8971369167067024,1.2132274446688514,461.2740658694119,41.92175746741313,3301.270558461038,-22.763278867480672,140.58876507747976,14.315207423686934,11.073836736516792,0,0,1,0,0,0,0,1,0,3,0,0,2,0,1,3.230518929015649,141.7248797357026,13.556287263593186,1,5.111267920569745,0,0,154.13628850819865
SN_1182,2026-04-02 11:02:00,4,-9.0,-7.2857142857142865,1,79.67577020030114,60.87217903162226,0.8970270648543043,1.1983087731435718,475.1682517806766,46.14427685260303,2942.5950127533965,-21.088799041485405,142.32975212023229,19.068481821515732,10.790564671040942,0,1,0,1,0,0,1,2,0,0,0,0,0,1,1,3.4338975813986115,141.84113767159005,13.554096645599273,1,5.329413622396601,0,2,52.16867109600304
SN_1183,2026-04-02 11:03:00,3,-8.142857142857142,-7.2857142857142865,1,74.07750511222132,67.38196359055704,0.9076523620337278,1.2007957353494216,410.72119122205294,47.991796702976615,3606.61914485608,-21.936692450849648,153.68894425294027,16.79551435250587,13.242826893326828,0,0,0,0,2,1,1,1,2,1,0,0,0,2,0,3.171064833235562,151.62804293570173,11.86292466400515,1,4.250587543052319,1,1,163.93329253265512
SN_1184,2026-04-02 11:04:00,2,-7.2857142857142865,-7.2857142857142865,1,69.75955746334614,62.640420974148434,0.9190885524439285,1.2075882441616361,477.03785215749355,48.54567012767668,3190.438207174405,-26.81783820538105,134.52715911210672,16.45673830252022,12.7271679888921,0,0,2,0,0,2,0,0,1,0,0,0,0,0,0,3.328847911941038,145.34858637503174,12.415068187041687,1,4.678865754344569,0,0,140.66206222504871
SN_1185,2026-04-02 11:05:00,3,-6.428571428571429,-7.2857142857142865,1,69.08424764473352,64.47132257742251,0.901894712992248,1.2069632286208032,450.9385460371705,44.80065307407163,3068.3773966766553,-23.110208209980232,127.75327214191744,14.413727994559853,12.06589160860224,0,0,0,1,0,0,1,0,0,1,1,1,0,0,1,3.3552242342473546,153.30623672917972,11.854530000158295,1,5.206238169574077,0,0,150.9318801446555
SN_1186,2026-04-02 11:06:00,3,-5.571428571428571,-7.2857142857142865,1,68.21663432910064,65.28911586153716,0.8929630371868439,1.2027879981238545,477.2951334768661,43.92576166146204,2988.9369207823975,-22.298561211078706,142.39189019946414,16.935013451012242,13.665142382543781,2,0,0,0,1,0,0,3,0,0,1,0,0,2,1,3.365736169801185,141.7269652852955,11.931736989944609,1,4.919511146567614,0,2,157.83993452259506
SN_1187,2026-04-02 11:07:00,3,-4.714285714285715,-7.2857142857142865,1,75.90320456226073,58.99911255421225,0.8851070099837168,1.1979133162877953,448.24449096205956,48.68182146624379,3166.997295851049,-22.216273955678503,147.44608284546263,15.825142980320008,11.732234481275155,0,0,0,0,1,0,0,1,0,0,2,0,1,0,0,3.2757294985490195,153.77524385576788,10.884505352475605,1,5.223339468234947,0,2,132.46673238832136
SN_1188,2026-04-02 11:08:00,2,-3.8571428571428577,-7.2857142857142865,1,66.86343277024349,61.88465182871826,0.8783219210338167,1.1968733155426763,386.94305206280126,41.36951849105734,3180.888969141506,-26.226589668229263,124.2404242874535,16.321253411697626,13.322703219988979,0,1,1,0,0,0,1,0,0,0,0,2,0,0,0,3.2001422488167663,141.22594652542418,12.42250285476416,1,6.051425010570345,0,1,137.5842957528568
SN_1189,2026-04-02 11:09:00,3,-3.0,-7.2857142857142865,1,70.22611354499992,70.40429156965256,0.9099940450806528,1.2085789882529134,446.20081544209904,46.315737872763016,3215.3968292809495,-25.314070474034647,121.34117101191964,14.535069526204666,12.175574084925822,0,0,1,0,0,1,0,0,1,0,0,0,1,0,0,3.419961122351422,143.24645690125652,12.626700506159434,1,5.252306601159831,0,1,87.04583471120921
SN_1190,2026-04-02 11:10:00,3,-2.142857142857144,-7.2857142857142865,1,70.25598950940542,68.54476475433918,0.9086696778545934,1.205535695310678,476.50359546678175,40.88992011790671,3155.330576566406,-22.010883528516757,131.66627238917056,16.240403286126366,10.97524924992361,0,1,2,0,0,1,0,0,1,1,1,0,2,1,0,3.264356459730636,146.76857471683587,13.477946503046601,1,4.775627451565036,0,0,97.50483379337913
SN_1191,2026-04-02 11:11:00,2,-1.2857142857142865,-7.2857142857142865,1,67.49107903594233,64.74944169069106,0.9086604528765999,1.197426999993822,427.65634952290713,48.19612881677881,3294.983796517264,-25.523520741365292,139.97798640317995,15.364249692690276,13.848040191770849,0,0,0,0,1,0,0,0,0,0,0,1,0,3,0,3.422399838486501,148.9901543718653,12.58817687333128,1,4.674319584153521,0,3,158.27790145439533
SN_1192,2026-04-02 11:12:00,3,-0.4285714285714288,-7.2857142857142865,1,63.13767226057949,65.97249383405158,0.8980701083047192,1.2108211231299313,440.3008757773137,44.22586345316652,3141.855525100513,-24.59939211332863,139.57709258393874,14.851583264454717,12.990710846624085,1,0,0,0,1,1,0,0,1,1,0,0,1,0,0,3.329445915725686,147.7123197575404,13.321618989379486,1,4.617327016006603,0,1,78.46885126358153
SN_1193,2026-04-02 11:13:00,2,0.42857142857142705,-7.2857142857142865,1,71.61487251808835,63.82302997745417,0.9211040211883763,1.198709658848702,445.59666241122557,48.80574970694241,2909.7553824139295,-20.84824838099606,112.90998879774881,17.101159503710875,11.878978968990436,1,0,0,1,1,0,0,2,1,0,1,2,0,0,1,3.2612860790581935,137.34755624407734,10.883587935188897,1,4.786179898408207,0,2,30.040378521245835
SN_1194,2026-04-02 11:14:00,4,1.2857142857142847,-7.2857142857142865,1,69.69498014072309,70.42633354331193,0.8927382225812277,1.191483378256656,377.51215300328795,46.47423826906658,3177.595775652554,-24.09559850076958,152.93927280475987,13.693438287204996,12.727171259533948,0,0,0,1,0,0,2,1,1,0,0,1,1,1,1,3.3314754437826717,142.71038541787468,14.135156885166351,1,4.807259570084913,0,1,133.8366315083673
SN_1195,2026-04-02 11:15:00,4,2.1428571428571423,-7.2857142857142865,1,72.50120234718285,64.19858968882335,0.9143290385581081,1.1924102930109666,491.7836893859369,41.33033930981421,2844.8783519940084,-25.453548275667686,122.30602084723779,16.847164396471225,11.596296566002094,0,1,0,1,1,0,1,1,0,1,0,1,0,0,2,3.3920641565646332,140.4179071219848,11.638120321926886,1,5.05945753318728,0,0,106.53468168732265
SN_1196,2026-04-02 11:16:00,4,3.0,-7.2857142857142865,1,67.33199846780417,65.92736836853939,0.8994188565751569,1.1902125916369024,427.46560800257066,49.27388319623173,3253.0655946337083,-25.75523471372581,126.81922003733705,17.026729200329495,12.829149035059542,0,0,1,0,1,1,0,0,0,0,0,0,0,1,0,3.306567060039243,139.4747486624216,8.926868957329333,1,5.2641617282605315,0,0,141.34213857743686
SN_1197,2026-04-02 11:17:00,3,3.8571428571428577,-7.2857142857142865,1,76.10410649406523,69.58412057656827,0.8908747385298099,1.197275899833963,462.64338581182,49.65373579928319,3053.1049654576045,-23.334561340829623,119.16814768014616,14.680534486673139,9.608921434716041,0,0,2,1,2,0,0,1,0,0,0,1,1,0,0,3.240993404595404,144.93507089007676,11.415764844374044,1,5.217726978901392,0,0,34.879382391978545
SN_1198,2026-04-02 11:18:00,1,4.714285714285712,-7.2857142857142865,1,65.61613109394078,61.890514060616376,0.9088879546097665,1.2123372427833619,447.8324715962948,47.64685947779765,3224.50405323737,-26.66629601695442,162.37994603124505,14.769507308301298,10.980198666305407,0,0,0,0,1,0,0,0,0,0,0,0,0,0,0,3.1569957604684538,136.55371292714625,12.865020520866398,1,5.066055866554063,0,2,113.45740662851374
SN_1199,2026-04-02 11:19:00,1,5.571428571428569,-7.2857142857142865,1,78.56020142008947,71.23515673798758,0.9061445417802599,1.1919490481896948,481.440476408984,42.71523640489134,3397.1112472286904,-24.494671927792837,132.90484804345562,15.665461478100397,12.979259744286963,0,1,0,0,1,1,0,0,0,0,1,0,0,0,1,3.2660594501682176,148.99962826866025,12.123306504470557,1,5.100582794155758,0,1,59.66964787066915
SN_1200,2026-04-02 11:20:00,3,6.428571428571427,-7.2857142857142865,1,61.26181745085869,58.87815436102649,0.9053545913890039,1.201884757610181,460.151403060702,44.081958136927774,3057.6876957098,-23.333538930019955,119.78829903182123,16.42305431569333,11.750344461781081,0,0,0,1,1,0,0,0,1,1,1,0,0,0,1,3.3646112464708393,147.97915724893616,9.086981630200913,1,6.267836820639235,0,0,154.0706776072057
SN_1201,2026-04-02 11:21:00,1,7.285714285714285,-7.2857142857142865,1,72.17385032278446,71.5185685244512,0.901219176330843,1.1934331065437258,444.12689321197564,45.436281652217275,3359.1884387768177,-21.401700358904666,140.36708259954935,15.770717512278662,12.207542294888741,0,1,0,1,0,0,1,1,1,1,1,0,1,0,0,3.2191732919810847,151.47763913557543,12.322734631337331,1,4.6387843500286605,0,1,39.82703132281138
SN_1202,2026-04-02 11:22:00,2,8.142857142857142,-7.2857142857142865,1,72.37715341263312,63.509297664192104,0.8994316037742476,1.1973969095872856,427.662122687018,42.8888688020057,3134.991564997077,-22.66490383926001,139.2296293517204,16.65034369028782,10.653214337884565,1,1,0,0,0,0,0,1,0,0,0,1,0,2,0,3.354492965167693,140.73341861963613,12.19009722845685,1,4.981573456251194,0,1,145.40197527240906
SN_1203,2026-04-02 11:23:00,1,9.0,-7.2857142857142865,0,66.02221466029559,64.02920500869887,0.9358255798930566,1.1848995878801474,544.9462675345535,60.07703971738962,3462.9792203098377,-25.428130235964357,127.74727571704139,18.644469478806098,13.847866995702104,0,0,1,0,0,0,0,0,0,0,2,0,0,1,0,3.3022559260576188,141.12702387879375,10.54284910811635,1,4.10736211510868,0,3,36.75181228395509
SN_1204,2026-04-02 11:24:00,3,9.857142857142854,-7.2857142857142865,1,72.12196968930506,57.439959315268226,0.9177638496779427,1.1977946177084347,403.1639674011346,45.43297941517811,3145.227108020268,-21.64316136487256,140.0872805534006,15.238424846275429,13.190529643717676,0,2,0,0,0,0,0,0,0,3,2,0,0,0,1,3.3596396270061457,149.20865472512563,12.846771663741107,1,4.808543207215519,0,0,27.614019191567728
SN_1205,2026-04-02 11:25:00,3,10.714285714285712,-7.2857142857142865,1,76.3975933488008,63.18082113048923,0.9108424034247827,1.1980629462019503,466.1472605068973,36.88995585867793,3073.926052173996,-24.599030075094955,120.09649647002962,13.427230043944869,11.79931478162467,1,0,1,0,0,0,0,1,2,1,0,0,0,1,0,3.11286144796745,149.51117382873517,11.79925597247926,1,4.550599564638368,0,3,57.84855792603681
SN_1206,2026-04-02 11:26:00,2,11.57142857142857,-7.2857142857142865,0,58.91590580322968,60.84077387589247,0.9016769873730508,1.2054028794403568,497.5238812111282,56.01806743826866,3303.0857675592933,-26.471406044098817,124.08498070060897,17.23888537454598,11.595304143136673,0,0,0,1,2,0,0,0,1,0,1,0,0,0,0,3.186373189378762,150.39463055037191,9.073377650559564,1,4.635072009030814,0,3,71.95841389344247
SN_1207,2026-04-02 11:27:00,4,12.428571428571427,-7.2857142857142865,1,72.51372403745407,62.56941461850611,0.91510735800895,1.2022328091325536,481.307091548916,43.95552780954806,3134.6315405564546,-24.344082718530945,105.87740014520725,18.524971863891295,13.029604361419693,0,0,1,0,1,0,1,0,1,0,0,0,0,0,1,3.2629921333728324,149.61665112168583,13.04261266209157,1,4.407117825755285,0,3,114.22014314090944
SN_1208,2026-04-02 11:28:00,3,-13.285714285714286,-6.428571428571429,1,57.53364589834961,64.45075613684448,0.9077699216458718,1.1880160787504794,454.0324885665674,44.775220331644654,3073.782572880649,-21.123661597708598,114.11258698936524,16.589152544576688,13.982470450168927,0,1,0,0,0,2,0,0,0,0,1,0,0,1,2,3.449301846101453,145.8765813546294,12.262226024871833,1,4.323939339711822,0,2,42.968342019991745
SN_1209,2026-04-02 11:29:00,2,-12.428571428571429,-6.428571428571429,1,65.17167598238396,68.83116645789163,0.9003930712916105,1.2108419824404353,466.1030941962527,43.8941419026429,3128.3240223944313,-23.66951989987015,151.69156966804823,14.368376986969498,12.953760255811353,0,0,0,1,0,0,1,1,0,0,0,0,0,1,1,3.2396585470966826,143.15974244213777,14.27033881648844,1,5.061154595493963,0,3,86.97551043711479
SN_1210,2026-04-02 11:30:00,1,-11.571428571428571,-6.428571428571429,1,78.14583182450473,65.8304134056025,0.8954465351210112,1.20210303040222,452.04972034561797,47.42113924982006,3193.30902017255,-23.974956271340428,149.69714353266778,15.814161455147199,14.171802667396602,2,1,1,1,0,1,0,0,0,0,0,1,1,1,0,3.289857335468906,147.9399959950658,10.702581038288104,1,5.355166543337739,0,0,53.41395870281382
SN_1211,2026-04-02 11:31:00,1,-10.714285714285715,-6.428571428571429,1,67.09108983303973,66.23070661360445,0.8987862399350597,1.201983935171775,406.1905726214751,48.359063335660146,3401.327019686728,-20.725576710594293,130.78946378378754,14.322214773682552,11.077648670938082,0,0,0,1,1,0,0,0,0,0,0,0,0,0,1,3.472058455079684,143.23259564199608,11.6504360054671,1,4.61423464942267,0,0,147.1636783027771
SN_1212,2026-04-02 11:32:00,2,-9.857142857142858,-6.428571428571429,1,64.13060017795513,60.61792244461775,0.8524436139618292,1.1999081764661486,428.48177091511656,45.84915948677596,2909.8868381810635,-26.862709694108855,149.95517736627806,16.96428324094442,11.180613169501209,0,3,0,0,1,1,1,0,1,0,2,0,0,0,0,3.3342909682209005,145.42113418976655,13.598990153948545,1,3.9861160384175065,0,2,30.475177144987917
SN_1213,2026-04-02 11:33:00,2,-9.0,-6.428571428571429,1,69.0103113550766,61.47698364158908,0.9031590125894646,1.1948224255277777,466.80973344028456,43.98206643858552,3203.462098842563,-26.571198228105544,128.07910616070035,13.973064395952349,10.811058881946652,0,1,0,2,1,0,1,0,0,0,2,1,2,0,1,3.3687704075490346,143.47287906943134,10.626568642320544,1,5.055543208848475,0,1,75.25503264314703
SN_1214,2026-04-02 11:34:00,3,-8.142857142857142,-6.428571428571429,1,80.33953169081776,72.19490007340525,0.8926728587983447,1.2021780233974872,454.1663954339961,44.87598838557249,3293.7355391981064,-27.231692941933666,127.0790763691851,15.5498068197577,12.44176064964948,1,0,0,0,0,2,0,0,0,0,1,1,1,1,0,3.2486140226000457,146.066530449851,13.546124124528854,1,5.234729414432521,0,3,114.91786751555168
SN_1215,2026-04-02 11:35:00,1,-7.2857142857142865,-6.428571428571429,1,60.84158876396987,62.059195860947014,0.9238900499742433,1.2047558843592858,479.5247476326418,45.05879884973289,3229.0172862487693,-23.25470362703989,130.67812778158668,14.493493260559141,12.17560354980437,0,1,0,0,1,0,0,0,1,1,0,0,0,0,0,3.3943189392507707,149.96826743585933,13.58524441379807,1,5.336865244137759,0,1,155.4846976394792
SN_1216,2026-04-02 11:36:00,2,-6.428571428571429,-6.428571428571429,1,64.74345044180328,71.62483300822919,0.9002901610621763,1.1825310430865443,460.0818640759293,42.592709880405486,3396.47977541503,-23.66701374576975,128.5009408561172,16.190237027702445,11.848048876528015,0,1,0,0,1,0,0,0,1,0,0,1,0,0,0,3.4065115948412044,143.60220306745077,12.470670559741672,1,4.489365966208102,0,1,148.99105286792093
SN_1217,2026-04-02 11:37:00,1,-5.571428571428571,-6.428571428571429,1,77.48715841589814,64.02775520447653,0.8821655487069756,1.194612391626539,425.8324527324335,46.736785945713706,3188.848200536221,-20.914527265440448,127.41764411727783,15.450487484293363,12.809258628123299,1,0,0,1,0,0,1,0,0,1,0,0,0,0,0,3.3401278598178052,142.99446516242736,11.752306778748641,1,4.697043014187809,0,0,152.90764793047154
SN_1218,2026-04-02 11:38:00,2,-4.714285714285715,-6.428571428571429,1,79.28851171768866,65.00915174457401,0.8992517976880783,1.1974505302959642,430.09839655698414,46.3801269715814,3172.3172836721083,-23.51304984572646,143.72077728579464,16.265143154875396,13.232328605214665,0,1,0,1,1,0,0,2,1,0,0,0,0,0,0,3.293121844670046,144.57545576651034,11.029069781350243,1,4.44506351075559,1,0,33.05087429034942
SN_1219,2026-04-02 11:39:00,1,-3.8571428571428577,-6.428571428571429,1,69.48284387854858,69.28146064091972,0.8843081837240625,1.2025617060569427,452.5729347630809,49.62132371933002,3288.8494320520017,-24.808314318958605,131.80162784747444,16.03352583244955,10.474337590713159,0,0,0,2,1,0,1,0,0,0,0,0,0,0,0,3.3447541803652463,140.28408022475816,10.918375924931098,1,4.630364564688262,0,2,145.09294965073818
SN_1220,2026-04-02 11:40:00,4,-3.0,-6.428571428571429,1,63.80473648736679,70.08756968775462,0.907101111235687,1.2119331100592712,392.14889834999735,48.76604934086542,3214.8970722427025,-23.996410254243784,138.54978117320564,14.520011458413835,11.403027972098885,0,0,0,0,0,0,0,1,0,0,1,1,2,0,1,3.169945131632108,147.6564819338716,12.466246086020845,1,4.605115273392341,0,0,136.30741131035313
SN_1221,2026-04-02 11:41:00,3,-2.142857142857144,-6.428571428571429,1,80.4792175090458,64.55674975888365,0.9043642104650923,1.192282591854032,491.83604714057464,42.94297524722961,3141.438689257929,-23.764585163078085,142.37656630332796,16.940315595293534,12.82014359412306,1,1,0,1,0,0,0,0,1,0,0,0,0,0,0,3.387090712079324,145.4660756142832,7.6838069498697745,1,4.745108241664481,0,1,153.95015749568913
SN_1222,2026-04-02 11:42:00,1,-1.2857142857142865,-6.428571428571429,0,77.97221195874599,63.447027785913846,0.9143675944666241,1.1950203815318214,536.0436684094389,57.460895123526896,3277.421605937957,-27.343522546656335,134.6582295478568,15.926851522235326,11.532261316141417,0,0,0,1,0,0,0,1,0,0,0,0,1,2,0,3.2320702637439536,144.85844482355782,11.164415305663077,1,4.874281623763253,0,0,68.86698248515219
SN_1223,2026-04-02 11:43:00,4,-0.4285714285714288,-6.428571428571429,1,73.39473493881117,64.77631820591115,0.8881367731245815,1.1948746588935344,480.67586492622183,42.147139850716584,3102.120756017503,-18.579336711330214,118.35674408910114,14.517206488201149,11.201793923641846,0,0,1,0,0,2,0,0,0,0,0,0,0,0,0,3.2777121445189144,146.3146104496313,10.957553884917868,1,5.057340579628256,0,2,155.2941753033648
SN_1224,2026-04-02 11:44:00,1,0.42857142857142705,-6.428571428571429,1,65.9379882553129,66.35183011292847,0.9005101214434222,1.1919847240989545,410.48490147977077,47.08779630282255,3108.323427197101,-22.960257963796177,113.76560933243154,19.36138983430869,13.018537427650395,1,2,0,1,0,0,0,0,0,1,0,0,1,0,0,3.4054043896452697,139.10419229992567,10.517936606623561,1,4.577238304207311,0,2,81.98031625244849
SN_1225,2026-04-02 11:45:00,1,1.2857142857142847,-6.428571428571429,1,69.75485329580981,68.56521474747902,0.8795246730686005,1.1965281350488772,481.1141290088814,43.45015740371968,3120.800896735158,-23.579983383954822,131.78536761768765,16.714645250075687,10.71049993027602,0,0,0,1,0,0,0,1,1,0,0,0,0,0,0,3.3878049800341334,150.60260979525478,12.278566185623841,1,4.930131558913114,0,0,115.31035471571519
SN_1226,2026-04-02 11:46:00,4,2.1428571428571423,-6.428571428571429,1,69.19819959477584,65.0169194359766,0.9105224217288708,1.2077080221998797,505.7874727756937,41.93024032987324,3402.9603740249613,-22.769672031442838,127.94492434210079,15.770109169901042,11.698420192208895,0,0,0,1,1,1,1,1,0,0,0,0,0,0,1,3.1703097825723,142.92140637948583,9.795315761047277,1,4.546587334949039,0,1,85.08177473380775
SN_1227,2026-04-02 11:47:00,1,3.0,-6.428571428571429,0,71.65425652307789,67.47554519209261,0.9077830677066019,1.1894616450463564,491.97804111556707,55.84013602809221,2716.8475466021428,-22.58117803882679,131.04869714704145,18.122806790052735,12.328644025804808,0,0,0,0,0,1,0,1,0,0,0,0,0,0,1,3.224213718214901,143.50097212413422,13.804308541840076,1,4.1223900127995226,0,1,85.58137399425377
SN_1228,2026-04-02 11:48:00,1,3.8571428571428577,-6.428571428571429,1,77.25500719065668,71.55343892908377,0.9074370753154136,1.2042781439515289,469.28504487259414,36.97629861553758,3259.339825214441,-24.281106971004863,129.80735152901696,18.76272341407991,11.42618008608988,1,0,0,0,0,0,0,0,0,1,0,0,0,0,1,3.3512090680633446,148.4601490879464,13.370370864321545,1,5.270305601980977,0,2,102.71573070646582
SN_1229,2026-04-02 11:49:00,3,4.714285714285712,-6.428571428571429,0,74.39708520568702,66.52523844905915,0.9000242854703542,1.1829809776998166,525.0277486171824,49.74707327678431,3205.1407721300334,-25.2624822724814,161.0028839219988,15.781975866529173,12.783155656013175,0,0,0,1,0,0,1,0,0,1,3,0,0,0,0,3.160847402740311,147.44493367322127,14.039322249737182,1,4.6685980141803585,0,0,75.25344618539845
SN_1230,2026-04-02 11:50:00,4,5.571428571428569,-6.428571428571429,1,64.61311961507622,66.24661142401911,0.9062215933618318,1.194386620035578,411.38915379379387,44.46752434867715,2947.8694311142817,-22.80109862735659,114.03728493230395,16.521096229652144,11.43112302480263,0,2,1,1,0,1,1,1,0,1,0,0,0,2,0,3.413547698578201,152.99545117340375,11.209160834093058,1,4.1334541924220725,0,2,138.15412717476994
SN_1231,2026-04-02 11:51:00,4,6.428571428571427,-6.428571428571429,1,76.8824822500977,58.92435669963973,0.9240650866246289,1.19670510699782,462.32209929629676,45.247325299904524,3246.4590168704003,-23.228578318937096,106.1206447621465,14.517995772995588,13.408619493445919,1,0,0,1,0,1,1,0,0,0,1,0,0,0,0,3.309434006144265,141.13930758078072,12.311699674136515,1,5.280253115070784,0,1,115.2439778997944
SN_1232,2026-04-02 11:52:00,2,7.285714285714285,-6.428571428571429,1,71.56566070006578,54.477079452683746,0.8957235861443699,1.2167485967291407,470.8400801209337,43.89204368952544,3271.36279877473,-25.619780198178816,133.98852200223533,15.779210873847983,11.874253702504227,0,1,1,0,0,0,0,0,0,1,0,0,0,0,0,3.4130334059033482,141.2494050306689,13.234756515837823,1,4.874591116196646,0,2,123.32482966160818
SN_1233,2026-04-02 11:53:00,1,8.142857142857142,-6.428571428571429,1,73.43532897929458,66.55350291692068,0.9020796777556513,1.197251976952473,434.9718361832788,40.261691103847205,3288.44588470361,-21.161928777265473,125.48292934494165,15.701406169360196,12.671270136705353,0,0,0,0,2,2,0,2,1,0,0,0,0,0,1,3.2404090513001518,140.21652250150777,11.803790836851714,1,5.226405696652535,0,0,57.26901123193396
SN_1234,2026-04-02 11:54:00,3,9.0,-6.428571428571429,1,77.33270429639302,64.62070307487652,0.8837081055122789,1.1779875652654908,479.1479130063806,42.546324473584484,2802.2257905432575,-23.413295927354035,133.79281443675941,16.27724055043248,12.746023952982817,0,0,3,0,0,0,1,0,0,1,0,1,0,0,0,3.247506268192597,145.53409003302144,11.150092569083725,1,5.209182246588677,0,0,163.6188415413205
SN_1235,2026-04-02 11:55:00,1,9.857142857142854,-6.428571428571429,1,64.44209875243224,62.940869300341035,0.886976085576025,1.1800111109313876,408.33091483027005,46.17362798171218,3404.9584117781656,-22.54036127546474,137.006596267408,16.499140717955516,11.372459997255927,0,0,0,0,1,0,0,1,1,0,1,0,1,0,0,3.3827322398177495,143.91768228416194,12.179518574798921,1,4.452824248432808,0,2,119.06535807930702
SN_1236,2026-04-02 11:56:00,1,10.714285714285712,-6.428571428571429,1,69.82087210646769,65.97412081674538,0.9014671993963996,1.2003402958634668,412.6310963387589,46.74534531188509,3089.339494297274,-21.21615822464016,145.40925634214676,16.83974267324209,9.946513451344112,1,1,1,0,2,0,0,1,0,0,0,0,1,0,1,3.276290185944191,142.21880617074996,11.692464799842902,1,5.465241225461763,0,1,52.39620449237639
SN_1237,2026-04-02 11:57:00,2,11.57142857142857,-6.428571428571429,1,67.34272724320392,64.75838508321236,0.9165590032005286,1.206137708557899,453.41493488971884,44.951330647212174,3302.9851620129766,-23.95622235767033,111.91329015539274,16.356463984449938,12.360755754663835,0,0,1,1,0,2,1,0,1,2,1,0,0,0,0,3.2007262812146275,144.7373083024146,10.393977586209926,1,4.0836468935217125,0,1,132.07059505982886
SN_1238,2026-04-02 11:58:00,1,12.428571428571427,-6.428571428571429,1,62.160702873172724,69.51112100253559,0.8961557876362264,1.2037545585762726,450.63463194930677,48.47050134311097,3311.1610671023427,-23.36609598603177,123.31938522571404,14.183886060056253,12.07228834712487,0,0,0,1,2,0,0,1,0,0,0,0,1,1,0,3.3449177582297405,140.87143160017263,8.429429663779793,1,4.801416913071879,0,1,49.01483086189767
SN_1239,2026-04-02 11:59:00,3,13.285714285714285,-6.428571428571429,1,71.7335498880246,65.34444347303591,0.8964612520603181,1.20167570105801,432.08566278939736,46.1921910703777,3068.495437157106,-22.379945522987768,135.14513510656917,14.592299341388372,12.555826027575128,0,1,1,0,1,0,0,2,0,0,0,0,1,0,0,3.1726101776910713,151.1838177282917,10.614661018977753,1,4.768308645976136,0,3,33.12742506712921
SN_1240,2026-04-02 12:00:00,3,-13.285714285714286,-5.571428571428571,1,82.55778275792211,62.01230685971933,0.8938967213324344,1.2116225959750566,470.2398608992971,42.75763303812536,3299.0689928527327,-25.449722167600104,139.24556314824673,15.18038857080449,11.773472527617162,0,0,0,0,0,1,0,1,0,0,0,0,0,0,1,3.4153707410167033,142.20307209704893,8.460582597501286,1,4.611693959679296,0,1,99.96768904500014
SN_1241,2026-04-02 12:01:00,2,-12.428571428571429,-5.571428571428571,1,60.799611277471236,68.96066495583716,0.8919786499373352,1.1946040877926287,463.27235785539875,44.15849383976515,3142.176013863146,-23.891896674307997,156.32139460346062,15.576639112115156,11.569572301199283,0,4,0,0,2,1,1,0,1,0,0,0,1,1,0,3.314736675412091,142.71542130517022,10.695016528715406,1,5.613031016822475,0,3,103.707449399378
SN_1242,2026-04-02 12:02:00,1,-11.571428571428571,-5.571428571428571,0,69.83859694475265,64.13147570021519,0.9044245718356323,1.2089491055602681,546.4534767733504,50.79140152837644,2889.2934230992764,-23.748902826697705,141.4684476533664,17.57616143570817,14.0084730109817,0,0,0,1,1,1,0,0,0,0,0,0,0,0,0,3.2288274813163085,135.45239983497217,14.128593768588722,1,5.150623946509277,0,2,51.2110427613502
SN_1243,2026-04-02 12:03:00,3,-10.714285714285715,-5.571428571428571,1,73.20271467537387,67.10614673468923,0.8775411353223204,1.1836798511497357,446.92158911619333,44.67558302882575,3375.161288829167,-25.91211710336679,129.31853684936468,14.25559151972063,10.527645938489222,2,0,0,0,0,0,0,2,1,0,0,1,2,0,1,3.391615044558525,138.41794386954177,9.227225670219411,1,4.295935841074724,0,0,74.1665679780709
SN_1244,2026-04-02 12:04:00,1,-9.857142857142858,-5.571428571428571,1,70.61539100828091,63.090357175228796,0.919214093650001,1.1909505216706193,465.06450669945855,48.33630185766402,3083.743255547564,-19.364726422652243,119.31477096468807,15.46387742774395,12.733950478364239,0,0,0,1,0,0,2,0,2,0,1,1,0,0,1,3.3930228313455095,142.647835015403,12.673349679221296,1,4.368275737626081,0,1,160.19077857773237
SN_1245,2026-04-02 12:05:00,1,-9.0,-5.571428571428571,1,69.4343597374213,62.400692458010255,0.8900186655280581,1.1819295860506818,438.8587424242501,47.055870254132905,3071.8259805892917,-26.814586886984806,123.22852176737177,17.429514247321073,11.42539814181661,0,2,0,1,0,1,0,1,1,0,0,1,0,0,0,3.3002985927433097,143.77801874293343,13.834033768144009,1,6.077113704052676,0,2,65.04046542059854
SN_1246,2026-04-02 12:06:00,1,-8.142857142857142,-5.571428571428571,0,63.50391818277088,65.33667292074279,0.9108285522815721,1.197251546993302,576.3454672521649,59.206027977757365,3139.5401197944916,-26.596207807374316,122.88756612451472,15.550183788255081,11.664221382259578,1,0,1,0,0,0,0,1,0,1,0,1,0,1,0,3.482032697895431,147.87752415349223,9.640996727987549,1,4.761566598638265,0,2,46.401800750213084
SN_1247,2026-04-02 12:07:00,2,-7.2857142857142865,-5.571428571428571,1,71.16393371470082,65.05131457417474,0.8809500210390919,1.1995373878273365,429.68635574695037,44.091344268603024,3240.835508799108,-21.371546848592843,137.86280354216512,16.690623474764237,11.682897167426034,0,2,1,1,0,0,0,0,0,0,1,1,0,0,0,3.480187583678514,139.01758328823712,14.691493806087538,1,4.601975574982883,0,0,166.92892204782538
SN_1248,2026-04-02 12:08:00,1,-6.428571428571429,-5.571428571428571,1,66.21618011492036,66.91930814146733,0.9100326019581932,1.2011410149222652,502.6324357364578,49.03829938354277,3191.4094383766846,-22.573467498406917,133.08396934702998,15.790686935608145,11.196565725828743,0,1,0,1,1,0,0,0,0,0,0,0,1,0,1,3.3258678925042675,146.8086829891655,11.885294067228806,1,5.5782282438836335,0,1,67.53199723878721
SN_1249,2026-04-02 12:09:00,3,-5.571428571428571,-5.571428571428571,1,59.05039147510723,63.92541698676103,0.9100791691172175,1.2006188335288712,450.8721986772352,44.42008732065609,3282.2100387060755,-26.051929634961557,114.11620514989386,16.385174885987084,12.57122421023624,2,0,0,1,0,0,0,0,0,0,0,0,1,1,0,3.385232488143527,147.49674634321636,14.037229036722502,1,4.111445989306222,0,0,121.95652893303533
SN_1250,2026-04-02 12:10:00,1,-4.714285714285715,-5.571428571428571,1,75.97296110256866,57.65456086491841,0.9057630310800885,1.1907244666918826,415.6122277607814,49.41475524770968,2999.076595020701,-22.785421969796616,124.7691823709148,15.65729118428569,13.390643595949957,1,0,2,0,0,0,0,0,0,0,0,1,0,0,0,3.404704417956013,147.7077844975424,12.406263167243848,1,5.693505197505398,0,1,57.34466612725436
SN_1251,2026-04-02 12:11:00,3,-3.8571428571428577,-5.571428571428571,1,74.79192909921021,63.26890446564644,0.8850835721730032,1.1980975915558678,484.20198376221504,44.93442975767363,3088.64204443539,-21.06429911000538,140.53057064141706,17.00059820909253,12.47001366124666,0,0,0,0,0,0,0,0,0,0,0,0,1,0,0,3.209206123826101,149.14263912250678,11.309020292958444,1,4.601069715569135,0,3,103.21745236604008
SN_1252,2026-04-02 12:12:00,1,-3.0,-5.571428571428571,1,70.2583048842554,68.17527386857526,0.9037432228439711,1.1850255333139426,453.147534709874,47.12169412141283,3182.60043915177,-24.060526115193973,134.21994825968872,13.682415388890348,12.103381996212095,2,0,0,0,1,0,0,0,0,1,1,0,0,0,1,3.3229373011644814,140.3523196178458,7.63884468146905,1,5.257447054032963,0,1,79.62460607178464
SN_1253,2026-04-02 12:13:00,3,-2.142857142857144,-5.571428571428571,1,71.14537344102851,63.810495683027575,0.8822541572289841,1.2136322897513225,471.27810245950593,49.42533709292957,3484.683093898806,-18.802354199850836,136.82373539215325,15.455031987417183,11.013559500900753,0,0,3,0,0,0,0,0,2,0,1,0,0,0,0,3.245453129795483,147.1649246160432,10.32779626987928,1,4.76055188516088,0,0,162.46741360692315
SN_1254,2026-04-02 12:14:00,3,-1.2857142857142865,-5.571428571428571,1,75.37159006357781,64.0144663899418,0.8962085511735572,1.19696373927102,480.5963979635648,44.419717114256386,3182.9281192379362,-27.44812362173607,134.59506052068716,16.444859015041462,12.516825265824451,1,2,1,0,0,1,1,1,0,0,1,0,1,0,0,3.2341678754380534,152.0606436049575,13.019625288664354,1,4.212818321338214,0,0,86.32404593527022
SN_1255,2026-04-02 12:15:00,1,-0.4285714285714288,-5.571428571428571,0,71.12169828389041,68.94550602362375,0.9154411965143299,1.195111138809563,533.4488888536257,55.65516696263252,3362.783339549245,-22.612353092281797,149.51716881530632,16.800542872009288,14.156349631729299,1,0,0,0,0,0,0,0,0,0,0,0,0,2,0,3.309728545165557,150.6010792620525,14.305924946042925,1,5.089233783728531,0,1,108.12108252216828
SN_1256,2026-04-02 12:16:00,1,0.42857142857142705,-5.571428571428571,1,74.52008777380657,62.15210709096431,0.9119505289060612,1.2158894032844407,435.19397887967966,48.866590275618904,3205.7832753176476,-21.666943327557995,132.83251676589245,18.239428934130743,11.619305376204908,2,0,0,0,0,0,0,1,0,2,0,0,0,0,1,3.315739300836208,152.56782284721055,9.893020624079925,1,5.473898139416452,0,1,160.04634228962118
SN_1257,2026-04-02 12:17:00,3,1.2857142857142847,-5.571428571428571,1,68.51258899563075,58.8287871270284,0.9002277441381065,1.1875775346645077,474.3928344417312,44.60099050820981,3127.4512043843647,-22.217312196789507,125.36772642555162,15.413462999701636,11.624016420648134,1,0,0,0,2,0,1,0,0,0,0,1,0,0,0,3.1710392317126717,145.9640126573032,11.910500253274513,1,3.82579718559704,0,1,166.44973919106553
SN_1258,2026-04-02 12:18:00,4,2.1428571428571423,-5.571428571428571,1,76.55991869286973,64.35747552189802,0.8853779013611573,1.1887441288596803,450.0188876863649,41.03732315248152,3162.991336382834,-24.408711453291296,119.01093950639728,18.21922264279131,11.438910869019002,0,0,1,0,0,0,0,1,1,1,1,0,1,1,1,3.327497221940297,142.63258925240737,11.331010413084853,1,4.422129363199504,0,0,38.638804416719495
SN_1259,2026-04-02 12:19:00,2,3.0,-5.571428571428571,1,71.60392862966341,63.06330419500505,0.9096838156826129,1.1890377967513144,467.1464454652105,51.429021163754726,3174.737043195668,-24.580882964022297,132.99531349851654,15.011464260010495,11.51058576550558,0,0,1,0,0,1,1,1,0,1,0,2,0,1,1,3.279924176452692,134.8783796456187,12.626723472758927,1,5.618947100621179,0,3,144.142182534104
SN_1260,2026-04-02 12:20:00,4,3.8571428571428577,-5.571428571428571,1,70.97025971802937,61.13501472098699,0.9002907185654704,1.1993212861830052,396.1567356552135,43.59070660698859,3290.5468608441106,-23.111709657825486,100.711551822699,17.992969617316966,9.254700446327615,0,0,0,1,1,0,1,1,2,0,0,0,0,2,0,3.411833513167341,140.02904846716203,12.132552029631407,1,5.198812046686185,0,3,79.02477516296383
SN_1261,2026-04-02 12:21:00,4,4.714285714285712,-5.571428571428571,1,63.64969455643984,64.29848617640523,0.8651952660265436,1.204316316296376,461.17454292524627,45.47626815281263,3406.191690136483,-22.36849102669586,127.78853197800746,17.22620069004756,12.405035385855713,0,0,1,0,0,0,0,0,0,3,1,1,1,0,0,3.393016847488477,142.898396101049,11.442479491992781,1,5.2319995645249255,0,2,109.65533369360824
SN_1262,2026-04-02 12:22:00,1,5.571428571428569,-5.571428571428571,1,71.43477927150855,66.96602258898713,0.9117394473947478,1.2073967546811784,434.03535437137424,48.46802000835338,3253.9521271529484,-22.795053127435274,127.52992168094387,14.629812130551667,11.154447823645386,1,0,1,0,0,0,0,1,1,0,2,1,1,0,0,3.2315193211243045,143.61953943628177,12.958662488247226,1,5.465442435842575,0,2,78.00692336955535
SN_1263,2026-04-02 12:23:00,2,6.428571428571427,-5.571428571428571,1,65.84022541252774,64.96284575372874,0.8996365074919547,1.2257199531749496,491.3327409294633,43.1745182888064,3378.0616518112633,-21.919884218413223,113.62634975659263,16.460558855877732,10.3897368812082,0,1,1,1,0,2,0,1,0,0,0,1,0,0,0,3.405018269691084,141.83298737131773,10.962704386367523,1,5.233925584660008,0,0,81.7607336142901
SN_1264,2026-04-02 12:24:00,4,7.285714285714285,-5.571428571428571,1,66.80858636735753,66.22792429074495,0.9180367687197462,1.1775056754579922,465.5771836972274,41.97639626033361,3055.281539355547,-26.03773991413347,118.86080993612805,15.923146246701712,12.75318994973255,1,0,1,1,0,1,0,0,0,0,0,0,0,0,1,3.342876427395478,146.35828370721086,12.016860350791543,1,5.073734517791458,0,1,46.875485181856064
SN_1265,2026-04-02 12:25:00,1,8.142857142857142,-5.571428571428571,1,65.92312185841939,72.25363079406169,0.883570942217358,1.2060873558912442,455.9964436462324,45.761211890324496,3137.8054236778953,-24.45554195824727,139.7158903617789,16.9383768905125,10.917982214958064,0,0,0,0,0,1,2,1,0,0,0,2,3,0,0,3.282537521108144,145.7792395919105,13.15515986753003,1,5.558070506465468,0,1,106.47837001361269
SN_1266,2026-04-02 12:26:00,4,9.0,-5.571428571428571,0,64.66882534050387,63.628484553769745,0.85234944280206,1.1944286942742777,537.1577498337556,49.62077080626283,3091.35461986885,-25.88003186424751,132.76854098889956,15.665092617350036,11.661330946116243,0,0,1,1,0,1,0,3,1,0,1,1,0,0,1,3.2590256811594935,145.16381163870489,10.910446780919303,1,4.80494625809516,0,0,102.72709621604037
SN_1267,2026-04-02 12:27:00,4,9.857142857142854,-5.571428571428571,1,80.62385701508481,66.11339453857867,0.9041862578751778,1.1941358485111122,425.03897867808206,44.13628176939624,3247.1666886312278,-24.772225552172284,131.22146000448794,15.539130661507404,13.466442391188579,0,0,1,0,0,0,0,0,0,0,0,0,0,0,0,3.208188288090765,148.1411744281402,11.461567440976186,1,4.991711387252027,0,0,51.26723354952958
SN_1268,2026-04-02 12:28:00,1,10.714285714285712,-5.571428571428571,1,76.65669530994202,62.963146549603465,0.9043734551502296,1.1938022787174611,490.58141726320133,45.73511599294622,3146.156242223088,-21.96955821637139,133.67617040718426,18.053641874144276,10.590784201975486,0,2,0,1,0,1,0,2,0,0,1,1,1,0,0,3.2025601727554918,143.121458046924,11.162971236762342,1,5.412927789810064,0,2,102.00918182408756
SN_1269,2026-04-02 12:29:00,1,11.57142857142857,-5.571428571428571,1,79.60183751072131,61.61456112045211,0.8746399255859032,1.1909123032919202,499.7842604604226,44.190144309524506,3309.4659405551292,-23.784032158549543,131.11153105538708,15.85191865831649,10.467401765402238,1,0,1,1,0,1,0,2,0,0,0,0,1,0,0,3.153829684834069,149.38395782498145,12.67825406483738,1,4.61756513250515,1,0,164.1266710988764
SN_1270,2026-04-02 12:30:00,1,12.428571428571427,-5.571428571428571,0,63.88552490222218,62.660369386328924,0.885322506812001,1.2168452483460346,534.8228377637054,50.36964717044276,3060.349743255134,-18.78628167370046,144.9143507542998,17.239633486287648,12.269306189562338,1,0,0,1,0,0,0,0,0,0,0,1,0,0,0,3.301670538361717,140.1848586952175,12.524336481276285,1,5.712446838319416,0,2,126.87483780294572
SN_1271,2026-04-02 12:31:00,2,13.285714285714285,-5.571428571428571,1,70.35626874955446,63.08496571391325,0.9413282661557986,1.208422973270139,489.76008921434095,49.782533868612035,3206.454645998192,-23.613187265620567,131.4811501804438,15.6619727724337,13.149487364010369,0,1,0,0,0,0,1,0,1,1,2,0,0,0,0,3.135195603975477,143.78568019225443,11.22278321892843,1,5.145672230557078,0,1,93.26148858000268
SN_1272,2026-04-02 12:32:00,4,-14.142857142857142,-4.714285714285715,1,63.53246187397952,66.4379031901885,0.895415840787693,1.2002319597855737,435.7712950331867,45.31061446184753,3303.0286866518386,-23.880616238840528,112.50144263417499,18.499994888841286,10.425658282268037,0,0,0,1,0,0,0,0,0,0,1,1,0,0,0,3.230678727119289,146.27417105465582,12.511309120817684,1,4.425553465969905,0,0,155.91609392371805
SN_1273,2026-04-02 12:33:00,1,-13.285714285714286,-4.714285714285715,0,66.52152561401468,74.39630314680304,0.9109643846456432,1.21351015752487,505.0721608443755,59.29345635328522,2890.2045837439086,-23.787634161119566,149.56155957849293,14.98249805599676,12.407689736837177,1,1,0,0,1,0,0,0,1,1,1,0,0,1,0,3.352547961946372,137.32529533790904,7.781903590103109,1,4.9032074616482495,0,1,106.84526733676404
SN_1274,2026-04-02 12:34:00,3,-12.428571428571429,-4.714285714285715,1,65.40936508291712,62.13582625489664,0.8902401025894743,1.1848747103470112,451.0231187182231,44.21989124945867,3518.2446960995303,-25.275617385719872,134.44408320794614,15.078784703129223,12.580999539961692,0,2,0,0,0,1,0,1,0,0,1,0,0,0,1,3.4194611857510013,142.98449823918813,13.25290861186297,1,4.3071066717974045,0,3,43.446911816803684
SN_1275,2026-04-02 12:35:00,4,-11.571428571428571,-4.714285714285715,1,76.1979200322078,63.33349877753815,0.8686454565172027,1.1866929486866906,460.8735259591975,42.35996405492771,3157.527217268019,-24.115673224755188,122.9289552304592,18.286775771673856,9.94083951630768,0,0,2,0,0,1,0,1,1,1,0,0,0,0,0,3.2081268260290776,147.84699455990085,13.343551949776849,1,5.042947972824742,0,1,102.84138928499371
SN_1276,2026-04-02 12:36:00,3,-10.714285714285715,-4.714285714285715,1,68.01885160949121,64.74750794755501,0.8974461262980614,1.178220322678053,440.150332968922,45.80754276076548,2896.244012948574,-21.74442394577671,114.95917938045977,15.332580413657121,12.79850133790722,0,0,1,1,0,1,1,0,0,0,0,1,0,1,0,3.348768618172111,143.29063355126485,11.24042823010518,1,4.810597762957974,0,3,50.06012861268496
SN_1277,2026-04-02 12:37:00,2,-9.857142857142858,-4.714285714285715,0,75.34189666847008,66.583195394839,0.8960159315957085,1.1930058545987672,538.4442047592121,54.352638621015345,3223.714084786518,-23.772058663744456,134.75097065149654,18.40161145924659,12.87660587984218,0,1,0,1,0,1,0,0,0,2,0,0,2,1,0,3.2752252066978973,137.70954918705758,10.942024701043401,1,4.567647535720016,0,2,134.52069677966512
SN_1278,2026-04-02 12:38:00,1,-9.0,-4.714285714285715,1,73.02060444794259,66.05420324781915,0.8940018264199745,1.2016169852670475,457.65973705183535,41.46671562602592,3205.0165201959726,-25.586919459766943,128.5939359403075,17.33776086939222,11.688214426743976,1,1,0,0,1,0,1,0,1,0,1,1,0,0,1,3.258703509491483,141.4506299691465,11.91371473477043,1,4.109931626052076,0,4,163.273086858438
SN_1279,2026-04-02 12:39:00,3,-8.142857142857142,-4.714285714285715,1,81.51819376052394,70.13638317579247,0.8982803874674041,1.2010285857793233,425.0423306177236,49.40935277636249,3187.715843064126,-25.85016924095727,148.8897614323889,15.76802544015875,13.252346362298008,1,0,0,0,0,0,1,0,0,0,0,0,0,0,1,3.3123733656059557,139.61952267555978,10.634892365446559,1,4.6041111117409965,0,2,75.95787617423956
SN_1280,2026-04-02 12:40:00,2,-7.2857142857142865,-4.714285714285715,0,62.60277888430138,55.29443171785917,0.9039640240746846,1.2014934191105988,537.969825436293,53.133189331318015,3348.678666939,-24.900403783331686,125.84911263199807,13.280059791974262,13.136455574324845,0,0,1,0,3,0,0,0,0,0,1,1,1,0,2,3.247612291763618,146.98481559612298,10.86801754966651,1,4.909700152619436,0,0,86.62817473802801
SN_1281,2026-04-02 12:41:00,1,-6.428571428571429,-4.714285714285715,1,76.29616619893399,55.45228051921731,0.8977482457311929,1.1858894316893391,471.588206063038,39.47920084561329,3312.116745714058,-23.85227313117824,119.9514305238104,15.971022543592246,12.103117925717205,0,0,0,1,1,3,1,1,0,0,0,0,0,1,1,3.293265972095477,145.46914896494073,12.4617791616355,1,4.813999529742451,0,0,84.69549122476273
SN_1282,2026-04-02 12:42:00,3,-5.571428571428571,-4.714285714285715,1,75.73220435200363,63.0164873119594,0.8810399074807895,1.2080315474261403,454.28673293975976,48.984498161872,3244.681428653577,-21.612826929047475,140.74955461883116,16.152445080300136,11.548554609675067,0,0,1,2,0,2,0,0,0,1,0,2,1,1,3,3.3056748830462226,138.75415889114515,13.213591831447419,1,4.2899230989532136,1,0,65.083196514463
SN_1283,2026-04-02 12:43:00,3,-4.714285714285715,-4.714285714285715,1,65.13310580986483,69.38920075017484,0.9072927718734292,1.20239627518239,478.8162025815423,43.48710595256213,3267.5233450919973,-26.680977282732872,141.10338271260198,17.75082659995656,11.027172107417043,1,1,0,0,0,0,0,1,0,1,0,0,1,1,1,3.3928464941523737,138.44812709866696,12.476807351739673,1,5.010707032247439,0,1,138.36191494252287
SN_1284,2026-04-02 12:44:00,2,-3.8571428571428577,-4.714285714285715,1,75.0356666823658,58.73740787357762,0.8707594236701637,1.20733054281466,419.5649051625762,43.176528322153125,3184.346232584287,-24.639652555777513,132.02381641132234,18.382670764360167,11.96243649063381,0,1,1,1,1,0,1,0,0,0,1,2,0,0,0,3.410199672357506,142.10057329722466,16.329493321826284,1,4.507233079200404,0,0,112.95287991556741
SN_1285,2026-04-02 12:45:00,1,-3.0,-4.714285714285715,1,71.68072481513114,52.96947064122497,0.869244638140737,1.1810723782240995,461.69876055329627,39.703837238910076,3466.323627386007,-23.711379961129843,138.1162845720989,14.972519231284378,12.56975891970418,1,0,1,0,0,0,0,0,0,0,0,0,0,1,0,3.252116307848668,145.12516593444312,13.872881218824755,1,5.460945027407816,0,1,33.223424187344584
SN_1286,2026-04-02 12:46:00,1,-2.142857142857144,-4.714285714285715,1,68.86261870023296,67.28471762487683,0.9110877074205236,1.2031149085879778,420.74298234008063,50.22282445979097,2978.120597246335,-27.667411535258868,129.54775455109313,17.201772645982274,11.675823138959359,0,0,1,0,0,0,1,0,0,0,0,0,2,0,1,3.2784047817903175,142.3125309520285,13.103063332431727,1,5.534564718037149,0,0,144.7881122433315
SN_1287,2026-04-02 12:47:00,3,-1.2857142857142865,-4.714285714285715,1,65.88032256514,65.97462889481086,0.9076053040820303,1.1881223476008247,422.1479660441728,41.131558238370935,3220.9477511323844,-25.667196565932812,132.80638121211098,17.148103234020024,9.80249899473797,0,0,0,0,2,0,1,1,0,0,0,1,0,0,0,3.3643368825335713,146.4009061722192,13.048782567979368,1,4.8714607679330895,0,0,50.94070528606185
SN_1288,2026-04-02 12:48:00,3,-0.4285714285714288,-4.714285714285715,1,66.40445274275407,60.63916637280228,0.8991390695238894,1.1960267674744864,434.2267291565552,45.17534844211695,3209.753694678317,-25.359777079472373,143.97989059076707,17.61011905361567,13.268713894576571,2,1,0,0,1,1,1,2,0,1,2,2,0,0,0,3.2855229180871275,146.26228959544167,12.130138328743868,1,5.7880629787053275,0,0,164.99776728611343
SN_1289,2026-04-02 12:49:00,3,0.42857142857142705,-4.714285714285715,1,80.24906047892964,61.05784159711628,0.8790682724286739,1.2053436489863638,426.4484954106439,47.73786096762132,3321.992060909689,-25.591940747700995,137.50382000825803,16.748034868203316,12.190223221844894,0,2,0,1,0,0,0,1,0,0,0,1,1,0,0,3.357146392198851,147.12921510735353,12.756980160801168,1,4.929518232343749,0,1,78.23949201636947
SN_1290,2026-04-02 12:50:00,1,1.2857142857142847,-4.714285714285715,1,70.00341409478742,61.1210251214613,0.8893813358898889,1.2009109360625592,436.30010453147156,46.26515079900929,3073.421918386265,-23.616220909956706,127.9687067400085,13.086253463557345,11.620375503323165,1,2,1,0,0,1,0,0,2,1,0,0,1,0,2,3.3721759764643258,139.34666413438907,12.296393073389998,1,4.349754798049891,0,1,112.76874918964663
SN_1291,2026-04-02 12:51:00,2,2.1428571428571423,-4.714285714285715,1,73.9106500076573,65.44214126989576,0.8960587987847025,1.1914846002022068,444.6462422322203,44.82103706402342,2938.4491096405195,-24.321119219003595,146.2283505511138,15.76686635120836,12.857158388423288,0,0,1,0,0,1,0,0,0,0,0,0,0,0,0,3.3815347883089317,143.89672067216748,13.576257818155064,1,5.592613847042953,0,0,35.20660112102838
SN_1292,2026-04-02 12:52:00,2,3.0,-4.714285714285715,1,66.04550309166224,62.49473889526797,0.8760615904713883,1.2000627315618442,470.92886215828463,39.895002425137754,3223.523452414729,-25.11057220520207,101.62173552650185,14.266438637624628,13.524638596482756,1,1,1,2,0,0,1,0,0,0,0,1,0,0,0,3.307022140121696,149.3017308692095,11.581290842831523,1,5.80705725804714,0,1,73.63151155512335
SN_1293,2026-04-02 12:53:00,1,3.8571428571428577,-4.714285714285715,0,66.10073526889181,66.97625567590208,0.8889145701296516,1.1846846468475636,516.9710240323575,52.57082549269815,3242.1845738327906,-23.14407474689473,154.62487973706322,15.696091340622889,9.198088430512108,0,1,2,0,1,0,0,0,0,1,1,0,1,0,0,3.206921685693832,142.3125419695216,11.501131339671614,1,5.497311209637497,0,0,139.53896985995252
SN_1294,2026-04-02 12:54:00,4,4.714285714285712,-4.714285714285715,1,75.40992404624971,53.58149334838244,0.9097849550726502,1.211502673958983,410.3593573307602,45.563401014127564,3423.4399114171474,-20.5538505647075,109.52849086131118,17.47000635420084,12.434263649922071,0,0,0,1,1,0,0,0,0,0,0,0,0,0,0,3.2865667152265785,141.74579477076267,13.7671023604219,1,4.61807566863302,0,1,92.71802284126922
SN_1295,2026-04-02 12:55:00,2,5.571428571428569,-4.714285714285715,1,63.25211894224234,61.5725925394888,0.9214095804643383,1.1979471598050375,478.501696162379,42.63847779003901,3009.445693051237,-20.721486966516494,122.47488610273246,16.45772625381246,10.573350789189654,0,0,0,1,0,0,1,1,0,0,0,0,0,1,0,3.2594172668266927,143.0466892927989,11.310013871862537,1,4.382318362313354,0,1,154.2629016303393
SN_1296,2026-04-02 12:56:00,3,6.428571428571427,-4.714285714285715,1,67.92393116047364,60.495784156355796,0.8937084787101217,1.2111854994425533,429.072746659624,45.6100783799963,3373.204065007508,-27.845543544124673,129.50898957765918,17.722136299596148,12.49911050679894,1,0,0,0,0,0,0,0,1,1,0,1,0,1,0,3.362171115838955,142.94635630217425,10.582606954030798,1,4.8248519439779995,0,3,106.81993551131623
SN_1297,2026-04-02 12:57:00,4,7.285714285714285,-4.714285714285715,1,70.17013705536117,63.97463728651003,0.9113473253147415,1.1947346831290395,448.5319893223843,47.045230226445426,3555.112154604068,-22.84585563232972,128.24223195126206,16.512630881070308,12.127927202374579,0,0,0,0,0,1,0,2,0,1,1,0,0,0,0,3.422037633735459,145.48589244868904,10.877805794778228,1,6.238203115692632,0,1,157.7143961369877
SN_1298,2026-04-02 12:58:00,4,8.142857142857142,-4.714285714285715,0,70.55686300920026,62.847808966039445,0.871289098941188,1.1947642401159342,536.1634126735178,57.8875086574003,3143.3352668716284,-24.35604658012768,142.07693248031865,14.052511090496646,12.63572652644055,0,1,0,0,0,0,2,0,1,0,0,1,1,0,0,3.424290698290565,142.6739108851252,13.122925548074166,1,4.4115593397842225,0,0,165.4958266098081
SN_1299,2026-04-02 12:59:00,2,9.0,-4.714285714285715,1,69.10453357491922,68.19137511958307,0.9098917686167042,1.1923581321336214,454.9902604600696,41.32146192656195,3006.3586670760164,-23.689689314269287,117.3059605766772,12.218729490140898,11.500752385505345,2,0,0,0,0,0,0,0,0,1,0,1,1,0,0,3.3708420163440778,136.9207644993197,16.007828810239957,1,5.41037755543183,0,0,89.36081657063174
SN_1300,2026-04-02 13:00:00,4,9.857142857142854,-4.714285714285715,1,71.97909890547962,57.56265291335977,0.8879407737790878,1.2087617393169308,477.3544886880369,51.58993816493686,3138.9538450439945,-24.7965660670851,133.12920180979677,16.223213142519384,10.126759888180848,2,0,0,2,0,1,1,0,0,0,1,1,2,1,0,3.225217463465024,149.74125870639494,10.66846351072643,1,4.9537326530690695,0,1,105.38254645120436
SN_1301,2026-04-02 13:01:00,4,10.714285714285712,-4.714285714285715,1,73.46427877908906,65.18196590532301,0.9046101842506196,1.1929056884267153,461.97507858481896,47.30243803366239,3202.100745105707,-23.764822740225597,123.06145482136296,15.679110300473251,11.549631808743332,0,0,0,0,1,0,1,0,0,0,1,0,1,0,0,3.412252387922757,147.02568377911211,12.967722962095756,1,5.472076095711541,0,1,144.22857262818286
SN_1302,2026-04-02 13:02:00,2,11.57142857142857,-4.714285714285715,1,73.67318772729665,67.23334569284683,0.8962837137264044,1.2064459543241517,428.4672605075723,44.99485753899281,3284.568181251037,-23.697185207855963,133.541691752049,14.534581390927176,12.406847635139783,0,0,0,0,1,0,0,0,0,0,1,1,0,2,1,3.334121831865794,145.59632736713965,12.23066427033104,1,4.370005857898512,0,6,55.900752797157075
SN_1303,2026-04-02 13:03:00,2,12.428571428571427,-4.714285714285715,1,65.07098095666086,72.42658974624781,0.9198062101467576,1.196175476023307,504.4640543497915,48.268609749229924,3111.290790524293,-25.157903514697846,129.22273288242548,13.449059125522933,13.015392328675222,1,0,1,0,1,0,0,0,0,0,0,1,1,0,0,3.23401775789008,144.6233098417782,13.692283491914717,1,4.8752493000602115,0,2,148.07465862447978
SN_1304,2026-04-02 13:04:00,4,13.285714285714285,-4.714285714285715,1,68.57922451035601,63.0729361156261,0.8868834652749013,1.1802403670010837,454.8583365834558,52.09622331599992,3433.2797801221013,-25.79273509565036,131.11522783219573,14.897885179790936,10.828168699527474,0,0,1,0,0,0,0,0,0,1,1,0,1,0,0,3.3689542042877387,143.70917640052625,12.954568992813458,1,4.550975162447373,0,1,109.23650021432682
SN_1305,2026-04-02 13:05:00,3,14.142857142857142,-4.714285714285715,1,75.9738143093847,66.29783441741007,0.9094140944634275,1.1942968593221353,446.31649433446233,40.683839696829395,3032.820152748791,-24.897391365238967,123.40090201042786,15.708262772702836,13.027060426873017,0,0,0,0,0,0,2,0,0,0,0,0,1,0,2,3.2823161053865455,141.80013341300636,13.785283683620152,1,4.579424560442857,0,1,128.47201949537165
SN_1306,2026-04-02 13:06:00,1,-14.142857142857142,-3.8571428571428577,1,74.47323593786936,57.78454882975054,0.895807388050552,1.1882089178563715,474.09813557638927,44.32421207252594,2939.11922717408,-23.53148147108647,123.87923259884701,16.998816735559586,11.352127710353479,1,0,0,0,1,0,1,0,1,1,0,0,1,0,0,3.1440372519090114,137.48966653880836,12.438203545794906,1,5.368321519982982,0,0,35.498979263536114
SN_1307,2026-04-02 13:07:00,4,-13.285714285714286,-3.8571428571428577,0,63.13570274259468,55.432175182747905,0.897625417829855,1.2003390272368233,531.2362736482519,47.864705020380015,3366.0065636430977,-22.80200731663147,133.4472701683291,16.28294662235197,12.362449881594527,2,0,1,0,0,1,1,0,0,0,0,0,1,0,0,3.2215769959409704,151.50975587691184,10.747839020361004,1,4.4404768108755786,0,0,134.3310264172901
SN_1308,2026-04-02 13:08:00,4,-12.428571428571429,-3.8571428571428577,1,71.75739950176101,68.3790975031268,0.8972421916026119,1.188095922643255,459.98070482348317,45.57795459794407,2858.80684531907,-22.293302045319706,141.32458606907252,18.412100870759094,11.490106047134367,0,0,1,1,1,1,1,0,0,1,0,1,0,1,1,3.294774118217647,145.08357442859827,10.979977847671675,1,5.144934646771282,0,1,68.75331425860682
SN_1309,2026-04-02 13:09:00,3,-11.571428571428571,-3.8571428571428577,1,60.10887375312595,64.97775882540772,0.8873149034325883,1.209259751007146,512.3045999650171,46.09618272577542,3169.3805346690924,-24.988380046133827,122.82064798962583,14.446593915931908,12.182170627712102,0,1,0,1,0,0,0,0,0,1,1,1,0,0,1,3.2916192360835237,138.55556897055988,12.317970894479013,1,5.027887757555043,0,3,139.95344786637725
SN_1310,2026-04-02 13:10:00,4,-10.714285714285715,-3.8571428571428577,1,70.23467451030184,69.7140507591937,0.8997885155113999,1.1990892413964698,443.1219642936238,44.88251365367172,3667.652169381207,-23.432310865394527,119.57478946512508,17.32158833808615,12.891877634570275,1,0,1,0,0,0,1,1,0,0,0,0,0,1,0,3.214803714597439,140.8953859323188,12.700624112263789,1,4.523097376720673,0,0,97.31796551558979
SN_1311,2026-04-02 13:11:00,4,-9.857142857142858,-3.8571428571428577,1,79.48883508372988,59.506388444121,0.8990602766681727,1.1982240400524127,442.0559776495651,43.03639928700507,3198.1934670560104,-22.074994816093405,137.36152198806204,16.070948114693092,10.772985922711465,0,0,1,1,0,0,2,0,0,0,1,0,0,0,1,3.3600858175633164,146.21792203609482,11.423683245606957,1,4.631139471154295,0,1,63.54446421345117
SN_1312,2026-04-02 13:12:00,1,-9.0,-3.8571428571428577,1,65.26053641365507,67.07960855811501,0.9036186037261009,1.2065589213778758,452.9144628003116,38.85145645143503,3031.8848523955626,-21.668810209711744,129.60995328330773,17.04200368617788,11.320094103253169,0,0,0,0,0,0,1,0,1,0,0,0,0,1,0,3.341581324959138,146.13812666536515,15.022589363748736,1,5.166966243515243,0,2,161.1973963711182
SN_1313,2026-04-02 13:13:00,1,-8.142857142857142,-3.8571428571428577,1,65.8283847725421,72.47527136217542,0.901267577185393,1.2096390693407586,476.787898389526,46.12060105023531,3191.390380431981,-24.117665708263043,139.96597760783143,15.345227705101685,12.184962587342087,0,0,2,0,0,0,0,1,1,3,1,1,0,0,0,3.1851389904084817,142.00997175014325,13.411832897571974,1,4.987431776542297,0,5,134.1689852704559
SN_1314,2026-04-02 13:14:00,1,-7.2857142857142865,-3.8571428571428577,1,73.8201489078643,66.67882243342906,0.9119699182441836,1.1997990124823035,412.33664924524004,49.36630345174598,3192.37988170707,-24.441863449879225,119.13043343954622,17.607520560835884,14.401583661030353,1,0,1,0,0,1,0,0,1,1,0,0,1,0,1,3.5106711972582647,140.68852762825475,8.874140206186796,1,5.019147243626023,0,3,165.93879463780516
SN_1315,2026-04-02 13:15:00,2,-6.428571428571429,-3.8571428571428577,1,62.28599242395177,66.1063260223642,0.9138526292407105,1.192287997004507,400.86110271308735,43.2269446327997,3224.0974910529676,-23.617751532327215,108.64673289491883,16.442837137517863,11.136810287833171,1,0,1,0,0,1,1,0,1,0,1,0,0,0,0,3.202832961328928,142.71111536690282,11.815646556066172,1,4.883698984137967,0,1,76.48366537135735
SN_1316,2026-04-02 13:16:00,2,-5.571428571428571,-3.8571428571428577,1,66.83622485057481,65.0342243232974,0.884240650172583,1.1822603038388786,435.3221182344963,46.320179787069435,3299.3394473239427,-26.299414945794812,123.60395101808399,14.980832522623375,14.04013388599692,0,0,0,1,1,0,0,0,0,1,0,0,0,1,0,3.263380304240882,137.28233389596002,10.45542380179928,1,4.85133839412271,0,0,117.48762722999598
SN_1317,2026-04-02 13:17:00,1,-4.714285714285715,-3.8571428571428577,1,72.98220568790876,58.71647417149635,0.9130315875088616,1.193139502429648,409.15192602351783,40.29556705973985,3044.1333247448392,-24.387219022071015,120.80376868881982,15.981963956630217,14.004423303675171,1,0,0,0,0,0,1,0,0,0,0,0,1,0,2,3.3300323278380892,143.09735963768608,14.859423924190713,1,4.98921894105565,0,2,112.06876961237666
SN_1318,2026-04-02 13:18:00,1,-3.8571428571428577,-3.8571428571428577,1,66.82857076155298,70.4222917428414,0.8822049535933522,1.1938278775335203,439.37921631185907,46.37163919107754,3453.132208285519,-22.51082720305374,129.0545391990364,15.64066621159435,11.902688849298409,1,2,0,1,0,1,1,1,1,1,0,0,0,0,0,3.2636358518869053,143.13990445958967,8.670989512570017,1,5.719601132159714,0,0,123.00817071390762
SN_1319,2026-04-02 13:19:00,2,-3.0,-3.8571428571428577,1,68.82015006394514,62.55656944077974,0.9088178383220661,1.2010705745299228,462.5624924032322,43.819853106766026,3236.7671426558927,-22.7161057411126,122.35785742875532,16.73376752595669,11.7018474738001,0,0,0,0,0,0,0,1,0,0,1,0,0,1,0,3.4163421145148374,151.10658785917192,12.628112871682108,1,5.264541490864881,0,1,29.517585509951637
SN_1320,2026-04-02 13:20:00,3,-2.142857142857144,-3.8571428571428577,1,73.72092855157517,67.01793302553207,0.9092960817705431,1.1965485311886197,427.7312784111934,42.71274614819126,3309.0191069602706,-24.54053520872778,138.89220341603738,14.230334875938237,11.307934801335309,2,2,0,0,0,1,1,0,0,0,0,2,0,0,0,3.2859768567097873,143.19726019546763,12.184986596442881,1,4.9345552468484435,0,0,66.00758263834187
SN_1321,2026-04-02 13:21:00,4,-1.2857142857142865,-3.8571428571428577,1,72.1077304176828,58.747862773714985,0.8713302466250624,1.2068793297205143,414.3293355804664,42.71890907635161,3105.7775900366537,-23.564563597825668,126.5421968509298,15.955972446826458,11.93179746966733,0,1,0,0,0,0,1,1,0,1,0,0,0,2,1,3.2262625251160624,146.0113930049237,13.220860676159504,1,4.459079185813273,0,1,154.94461062587624
SN_1322,2026-04-02 13:22:00,4,-0.4285714285714288,-3.8571428571428577,0,71.33409198147702,60.28216134196888,0.9013946886979411,1.1938701672872931,526.7334290428837,53.81916525390097,3392.9573205493302,-25.649300680581376,131.8056939852868,16.592960878973997,10.593280567440441,0,0,1,0,0,0,1,1,0,0,0,3,0,0,0,3.3491616036540193,151.39315024193615,12.484141585314687,1,4.790484882922654,0,0,85.03008790160067
SN_1323,2026-04-02 13:23:00,1,0.42857142857142705,-3.8571428571428577,1,68.30438860364981,70.74034959688895,0.8929725582995953,1.1994295883314705,471.5635871153793,46.147299947077606,3161.4421386780405,-22.593015703549952,131.89161470129133,16.04953496078955,11.923760982679402,0,0,0,0,1,0,0,0,2,0,0,0,1,0,0,3.0680471839472085,140.73084634638917,15.10398703170913,1,4.539877984549186,0,1,162.3326897877428
SN_1324,2026-04-02 13:24:00,3,1.2857142857142847,-3.8571428571428577,0,71.85030557634478,63.610790844168626,0.8886185211309694,1.211839874431969,482.6256640370847,51.06351039641345,3241.6328770240298,-24.155642872272946,132.33946110894624,18.020411866583494,13.496880273850856,0,0,0,0,0,1,1,1,0,0,0,2,0,0,0,3.3427055209010237,142.5012374711569,13.376895700279972,1,4.60170685620704,0,1,54.74445686087651
SN_1325,2026-04-02 13:25:00,2,2.1428571428571423,-3.8571428571428577,1,69.38133659950121,70.81310190417018,0.9202627849604851,1.2034182521395496,470.5058099576496,43.80865400529644,3060.0340884219336,-24.551902903392275,129.7104506745403,17.161034161106578,11.388914937523282,1,0,1,1,0,1,0,0,0,1,0,0,0,0,0,3.4031939880746904,142.84238354224382,9.2428604206211,1,4.0647762135118315,0,0,167.62905218127688
SN_1326,2026-04-02 13:26:00,1,3.0,-3.8571428571428577,1,72.28902804962893,64.68707736376592,0.8901948128904388,1.1993996245831142,470.43265509345815,44.87558466600256,3050.460256039681,-24.723447672186772,136.12720828492377,15.98877880488888,11.759275696010949,1,0,0,1,0,0,0,0,0,0,0,0,0,0,0,3.115466222901058,138.3016798726782,14.106324242512708,1,4.994353888617005,0,3,124.45165089017264
SN_1327,2026-04-02 13:27:00,3,3.8571428571428577,-3.8571428571428577,1,67.5153398744101,57.63240890816857,0.8879043460632293,1.1939805555806482,473.8521275539157,41.70288232640442,3303.2307959679324,-24.125787733799715,120.45213839409031,16.32503364624651,10.298859525732759,1,1,0,0,1,1,0,1,0,0,0,0,1,0,1,3.2676797871525394,143.95400391345038,12.304729995908488,1,6.033863569650498,0,3,135.80065306557424
SN_1328,2026-04-02 13:28:00,3,4.714285714285712,-3.8571428571428577,1,69.0871551281023,68.56827039892688,0.9011354241000764,1.1936676860328501,480.46200537179215,50.38999560502505,3133.4589754688923,-24.895755289863917,146.7930151198466,16.443498327223,12.374062088131044,0,0,0,0,0,0,3,0,0,1,1,0,1,0,0,3.168305756502627,149.65356625089967,14.108870081294507,1,5.0980844992331065,0,3,81.14800879716515
SN_1329,2026-04-02 13:29:00,3,5.571428571428569,-3.8571428571428577,1,65.05021103723993,62.64043072897757,0.9102838461944762,1.1914938674704805,505.0503481164904,42.43951355981598,3071.9265368743436,-22.683713927994873,127.16155139957758,16.604949406250235,12.264481684951374,1,0,0,1,1,0,1,0,1,1,1,0,0,1,0,3.301050289454216,148.3822174458249,11.524380997861382,1,5.3637035674970965,0,1,154.6091694615294
SN_1330,2026-04-02 13:30:00,2,6.428571428571427,-3.8571428571428577,1,69.82496194996882,67.79475525406818,0.8978752712098481,1.194589931342171,441.09769878452363,42.99168925909953,3103.5224986959456,-24.790567096032362,114.26141034521582,13.261513006503089,12.06370235976577,2,0,0,0,0,0,0,0,2,0,0,0,1,0,1,3.479481629839721,149.72908980263816,10.406505477637777,1,5.479899231036708,0,2,102.54665773804157
SN_1331,2026-04-02 13:31:00,2,7.285714285714285,-3.8571428571428577,1,65.94499568185577,65.10084347016033,0.9174955581850388,1.207556658387443,452.7392895019465,42.065076150532505,3304.842960757613,-20.814071807945236,132.25688028390127,15.54771055634598,11.783172949777857,0,0,0,0,0,1,0,1,2,4,1,0,1,1,2,3.31834183633014,142.46479441541587,10.122934454812437,1,4.856650776737011,0,2,122.05512675234745
SN_1332,2026-04-02 13:32:00,4,8.142857142857142,-3.8571428571428577,1,64.42976774919003,58.82752708822852,0.9079646349294613,1.1977811172870774,439.5890391687994,50.39544026141435,3105.6443208194582,-21.06957899303724,119.78583421063018,13.77334139770986,11.707242081227545,0,1,0,0,0,1,3,1,0,1,0,0,0,0,0,3.282512276294597,140.4832722564778,13.592094064903147,1,4.890124157071193,0,1,37.65239107242518
SN_1333,2026-04-02 13:33:00,4,9.0,-3.8571428571428577,1,71.29330573927695,65.65717906148228,0.8673268302040286,1.1865022693061877,450.0494211188953,46.65871568579844,3182.3517602596753,-25.783086979709008,137.9840144141065,17.91742142118923,12.501900233700672,0,0,0,0,0,0,1,1,0,0,1,1,0,0,0,3.0740501368936286,154.0242034827079,13.195767522612504,1,4.301666632156487,0,1,114.96202092857665
SN_1334,2026-04-02 13:34:00,3,9.857142857142854,-3.8571428571428577,1,71.0636988792883,73.7848925686112,0.8920579955473948,1.2176816929305978,488.3218338909078,42.19022398126907,3202.2541625430645,-23.86059146114144,156.51526691250854,15.908725719995608,11.971183398411377,0,1,0,2,0,0,1,1,0,0,2,3,0,0,0,3.2115102053125195,145.8590908739674,11.112078656148492,1,5.098457401203523,0,0,150.58737430975054
SN_1335,2026-04-02 13:35:00,3,10.714285714285712,-3.8571428571428577,1,73.91436867474286,66.97194583405783,0.8915723685097245,1.2031996519114516,416.3746379017333,48.31869467657991,2912.3976670984553,-25.30131324267239,120.56113490130579,15.709988575480565,12.314971871555333,0,1,0,2,0,2,0,0,0,0,0,0,0,0,0,3.289358486738051,138.5505011838762,7.994850031449958,1,5.027944639769999,0,0,49.67278486310228
SN_1336,2026-04-02 13:36:00,2,11.57142857142857,-3.8571428571428577,1,67.8443721521245,64.76992898797815,0.9071904143014413,1.1859305659948682,428.4737581958606,45.60209608286664,2979.331039193972,-24.653295126377223,133.9884679986878,17.345195998049853,12.214982817454548,0,0,2,0,0,0,0,1,0,1,1,0,0,0,1,3.3074526609877806,155.2415819387983,13.649512214091324,1,4.571907772977527,0,0,130.23253458741783
SN_1337,2026-04-02 13:37:00,4,12.428571428571427,-3.8571428571428577,1,72.04026423418378,69.30137360782759,0.8606277441543884,1.1955815107275918,484.429523412614,45.77176026333451,3250.441683387134,-19.995145064710407,108.93393293554448,16.633487196174812,13.123427287095762,0,0,0,1,0,0,1,0,0,1,1,0,0,0,0,3.327449222376487,144.6400801546454,8.943713860466396,1,5.574271507511602,0,0,27.657709295230255
SN_1338,2026-04-02 13:38:00,3,13.285714285714285,-3.8571428571428577,1,72.75398786136832,65.84267386081244,0.9382351456307658,1.201108863828284,475.50091267255226,43.96656837374264,3089.4455958270955,-24.615142834231598,135.44686275329616,14.307048228431189,12.676994097375054,0,0,0,0,1,0,0,1,0,0,0,1,0,0,0,3.3614475756946494,133.21053492623912,15.260866727528338,1,4.611682420029004,0,3,157.37323438500272
SN_1339,2026-04-02 13:39:00,4,14.142857142857142,-3.8571428571428577,1,72.22386903915798,65.83813692105117,0.9079653914234131,1.2170459209329738,440.92170882957305,42.75175203912908,3358.508736692063,-23.279547925845144,119.37143440240372,15.893641956208947,12.19286184315019,0,0,0,0,1,0,1,1,0,0,1,0,0,0,1,3.2275465331472786,150.81811547590954,9.831878629535664,1,6.423686926422503,0,1,165.54006470849083
SN_1340,2026-04-02 13:40:00,4,-14.142857142857142,-3.0,1,65.8717315859893,60.63349931136359,0.9022331520587654,1.1889188754174114,471.360050028018,46.01329829716381,3345.0210656375816,-22.917357411983442,122.5019845787862,15.497249540160423,13.51842203065218,0,1,0,0,1,0,1,1,0,0,1,2,0,0,0,3.3032071889688175,135.75853564679093,12.021115231997147,1,5.20172314500615,0,3,75.0019296189256
SN_1341,2026-04-02 13:41:00,3,-13.285714285714286,-3.0,1,70.74681741135595,65.93539210315839,0.9177235157462872,1.2097604071935595,458.53039606230084,43.36473831001323,3307.875299953316,-26.00125874496648,116.78456212192206,13.383200667090918,12.420268529056562,0,0,0,0,0,0,0,0,0,0,1,1,0,0,0,3.2602954018230137,146.15366588551518,12.345025106632438,1,4.98906343122766,0,3,39.418634359008216
SN_1342,2026-04-02 13:42:00,2,-12.428571428571429,-3.0,1,71.8207014802733,69.14177366566778,0.9351548107921894,1.2139948642697234,487.5068652250247,50.45026688872532,3472.9657680968894,-25.71019094881841,138.78581471265682,14.964585650144192,13.304962688790418,1,1,2,0,2,1,0,1,0,0,0,0,0,0,1,3.2249325088053986,148.3697788033242,12.547276831393676,1,5.969471065317857,0,1,118.83499701549289
SN_1343,2026-04-02 13:43:00,3,-11.571428571428571,-3.0,1,70.03589233453971,61.6557513915999,0.913061199668826,1.1937134569492542,451.8627398456693,41.19212668427069,3187.5366008385226,-26.41204474281624,142.08765228967914,15.724689516975301,12.606942608386637,0,0,0,0,0,1,0,1,0,1,0,0,0,1,0,3.2302512623721538,147.72557512044045,12.486425437233821,1,3.858482188852387,0,1,28.296170037236983
SN_1344,2026-04-02 13:44:00,3,-10.714285714285715,-3.0,1,59.567611708144575,70.69798328498779,0.9142321964470743,1.1972248638113976,475.64080284681455,49.608470318564834,3297.332288885576,-25.771941467795553,130.2806225759021,15.827573602762236,10.158080921068457,0,0,3,1,0,0,0,0,1,0,0,1,0,0,0,3.343269475616953,151.2243579472444,12.195659337983253,1,4.856889076070137,0,0,93.4780245067949
SN_1345,2026-04-02 13:45:00,4,-9.857142857142858,-3.0,1,70.8024481198674,64.6331759034195,0.9019603503669658,1.1896369075262623,516.0502977623155,44.6660434536066,3112.3398535105953,-29.700060218634363,119.62687953597137,13.776652864484037,13.30483476331933,1,1,0,1,1,0,1,1,0,0,1,0,0,1,1,3.094861846146814,149.0685071684204,11.348889181446559,1,4.7832264139623035,0,0,63.13620121985566
SN_1346,2026-04-02 13:46:00,3,-9.0,-3.0,1,81.06265519698621,61.44892195384584,0.8978771136994957,1.197965388589197,464.95247887618666,45.897257202063315,3567.8554869303084,-22.910835198412745,149.07427643324635,17.727498374571212,12.13517624134267,0,0,1,0,0,0,0,1,0,1,0,1,1,1,1,3.151594393382155,152.42654422654016,11.664829086090947,1,4.909431618503659,0,2,92.16082376921428
SN_1347,2026-04-02 13:47:00,2,-8.142857142857142,-3.0,1,68.19980365621508,68.99052830768098,0.8928630683399265,1.1996341002565707,451.2332041448711,47.4994732998883,3497.545047865403,-19.891612317487862,120.99507846694412,15.84684541166284,11.948045229099222,2,1,0,0,1,0,0,1,0,0,0,2,0,0,0,3.5533752115210664,144.628050867903,11.0222719273255,1,5.113061519274136,1,4,26.631674122323403
SN_1348,2026-04-02 13:48:00,3,-7.2857142857142865,-3.0,0,66.35961451072339,63.852823057046926,0.8876083201242819,1.2065964999808236,543.0611746305244,53.10925211498669,3201.7820651776688,-23.704358521926945,104.05561240087073,16.056329614990844,12.281348347489576,0,0,0,0,0,1,0,0,0,0,0,0,0,1,0,3.246839509058437,143.34553797788172,12.173815113829926,1,4.894711019231525,1,0,31.432154362181734
SN_1349,2026-04-02 13:49:00,2,-6.428571428571429,-3.0,1,71.86674279855698,68.03805954994444,0.8896947885045076,1.2109018347102045,440.8679785449029,47.59274515409591,3257.9879344857786,-26.832537718681216,135.50066811948483,16.600962457509755,11.655016838042933,0,0,2,0,0,2,0,0,0,0,0,0,0,1,0,3.417509147247696,143.61338970435318,9.369171889861818,1,5.700501028224578,0,2,26.300519353447058
SN_1350,2026-04-02 13:50:00,2,-5.571428571428571,-3.0,0,71.56189105233285,63.83296547096585,0.8797416605348553,1.1925190393537834,584.6991926381183,46.87736843385647,3403.894639904721,-25.285552765799896,116.74270391630179,14.817885619144493,12.227028860388945,0,0,1,1,1,1,0,0,1,1,0,2,0,0,0,3.294827276475265,150.4945902868037,12.473192298408621,1,5.217686733633989,0,3,113.15498928678441
SN_1351,2026-04-02 13:51:00,4,-4.714285714285715,-3.0,1,75.96367582708207,64.76069542588039,0.8988619282397247,1.18032674935774,454.50177594239955,42.84003140033418,3177.929074277884,-24.917753690049995,141.8633055219901,16.684533959699046,11.408123933656908,1,1,1,1,1,1,1,0,0,0,0,0,0,1,0,3.2550741475165634,142.44248486607066,11.851992099919377,1,5.241994732319987,0,1,104.65338014523003
SN_1352,2026-04-02 13:52:00,1,-3.8571428571428577,-3.0,1,63.71065922045556,66.97424081733716,0.8747299863416043,1.1997875522072374,443.17666699436217,42.2278115779768,3101.5063893800443,-26.03516955442675,125.42634763991897,15.449388030972726,13.27427225873437,1,0,0,0,0,1,0,0,1,0,1,0,0,1,0,3.3525758626271775,148.38961683397017,13.262148625159087,1,5.2311729079363865,0,2,57.57475178927104
SN_1353,2026-04-02 13:53:00,1,-3.0,-3.0,1,73.65690126287497,66.16358823036002,0.9028637478621557,1.2029353752996863,429.1077748744991,41.23948196288472,3331.0984626510326,-22.279634723209686,137.24455888653034,14.655121689029212,11.88641188637895,1,0,0,0,0,0,0,0,1,0,1,1,0,0,0,3.30644743087845,141.56038026729007,11.544503588445044,0,4.355799933228736,0,1,117.11661056217906
SN_1354,2026-04-02 13:54:00,4,-2.142857142857144,-3.0,1,72.95211030625731,57.017872878193046,0.8994550408793649,1.2024941768768505,477.43050479016097,44.35513548576315,3211.7658869125507,-22.379479911249334,146.8180041586259,16.860171240033097,11.617416157277567,0,0,0,0,0,0,0,0,0,0,0,0,1,0,0,3.2856740806138194,141.63271278723911,12.903342652423316,1,5.10098307130867,0,1,151.3258449928764
SN_1355,2026-04-02 13:55:00,3,-1.2857142857142865,-3.0,1,69.28926731529727,60.51502503962243,0.9022040294758004,1.1967332675249096,471.67968532069347,46.15724990454508,3227.449167446789,-26.31090358763532,115.49369362455134,18.237510788202712,11.075074184280727,0,0,0,0,1,0,0,0,0,1,0,0,0,0,1,3.296480506055797,149.73713838813026,12.82803785473649,1,5.118233337965521,0,0,63.934382547760364
SN_1356,2026-04-02 13:56:00,4,-0.4285714285714288,-3.0,1,71.69343658960845,68.71763993916326,0.8921680264497002,1.2012475209966393,437.56614071464764,47.107979995497914,3074.859298539805,-22.549837911104984,123.20875442929113,17.08724406022875,12.268775789148641,0,0,0,0,1,0,0,0,0,0,0,0,1,0,0,3.3315226803973976,146.74666340065,11.791402277273573,1,4.437846296839323,0,0,143.8071083345742
SN_1357,2026-04-02 13:57:00,2,0.42857142857142705,-3.0,1,75.14728740799178,64.4714536443938,0.9461529055527076,1.2151544480835224,464.4112836280606,45.722630271601226,2942.3491777454906,-20.94637467284547,129.09194712811524,17.384466347710646,12.187107100125091,0,1,1,0,0,0,0,0,1,0,0,1,1,0,0,3.244943403213499,136.36143293728625,12.529323472179179,1,5.4429999873874175,0,1,119.40131558431415
SN_1358,2026-04-02 13:58:00,1,1.2857142857142847,-3.0,1,74.36157690014225,62.90507478891431,0.9204017385027047,1.203817341689625,412.2861007946786,43.00291960531936,3235.421361481865,-20.19488358954088,148.4506158284121,15.219054090156552,12.388424613677506,1,0,0,0,0,1,0,0,0,3,1,0,0,0,3,3.261451158801028,141.58473973315265,9.986000605122268,1,3.981293173323172,0,1,28.870143816909575
SN_1359,2026-04-02 13:59:00,4,2.1428571428571423,-3.0,1,64.28490343963136,59.5657039389701,0.8813318624987292,1.1962663157499691,454.62426437682893,46.1070493134755,3335.74430622413,-18.269575953828074,122.09940738471465,13.603570406247314,10.972748112494871,1,0,0,0,0,0,0,1,0,0,1,0,0,1,0,3.221797144520201,134.7165804198675,14.012348222971351,1,6.259854038688154,0,1,78.02158499943857
SN_1360,2026-04-02 14:00:00,3,3.0,-3.0,1,74.10079093377742,60.681054714896604,0.9034930213114035,1.19499802182904,461.31890880191736,45.37285708455255,3166.1289876385936,-25.803985298886396,122.86595564861192,18.23520628314976,10.398818801188426,0,1,0,0,0,0,0,0,0,0,0,0,1,1,0,3.2034035454850556,143.4978869607918,11.18168074110964,1,4.981235517437178,0,3,97.11703908369847
SN_1361,2026-04-02 14:01:00,4,3.8571428571428577,-3.0,1,69.67655697483741,56.91280544015221,0.8908799078559402,1.1983014764232227,492.6832452389806,47.80816850380805,3415.46442793383,-18.351559147209592,135.7376869066697,19.08177233410714,12.62559130250656,1,1,0,0,1,0,0,1,0,0,0,0,1,0,0,3.4480066675901786,143.90629672154944,11.73252647864868,1,4.57227414411555,0,1,129.36468335347988
SN_1362,2026-04-02 14:02:00,1,4.714285714285712,-3.0,1,70.36437049007758,64.59487712519388,0.8847828040993888,1.2163673996183064,430.72952993178274,47.33081010879455,3094.412551187668,-24.70841277701758,123.07325529147315,18.314210160654522,13.484641861876508,0,1,1,1,0,0,0,1,2,0,1,0,0,0,0,3.2274998126813355,143.1038354382491,10.420747694018303,1,5.308864121050498,0,0,65.34680038849204
SN_1363,2026-04-02 14:03:00,4,5.571428571428569,-3.0,1,70.36598495500847,62.60624967767581,0.879898918933141,1.198166992904738,418.0411842799419,45.09142924176189,3041.794331755112,-25.18493091076103,131.8303105947714,15.496321091530376,10.973646377610104,0,1,0,0,0,1,0,0,0,0,1,0,1,1,0,3.379887608755227,149.825970473885,10.847682463286045,1,5.313076856911591,0,0,165.51313509954227
SN_1364,2026-04-02 14:04:00,4,6.428571428571427,-3.0,1,69.2487850560087,61.13364843605874,0.9064832503613889,1.1998020565547929,427.61430097687395,42.30824098151623,3189.91545392058,-23.34585525024431,111.38155094838248,14.268048491906734,13.589441283561698,0,0,1,0,0,0,0,2,0,0,0,1,1,0,0,3.271533673688556,146.65221612714456,14.465307299113515,1,6.023057098834216,0,1,122.57372263273236
SN_1365,2026-04-02 14:05:00,1,7.285714285714285,-3.0,1,75.95853748553533,64.72750629932818,0.8897792964739564,1.1951768642906369,416.585787492127,43.04114953250376,3187.6111136973063,-25.164122668186025,156.57195931067915,14.40147595327065,12.283911058736381,1,1,0,0,1,0,0,0,2,1,0,1,1,1,1,3.3432380956815306,154.86340471533543,12.206835233367562,1,5.891088107834122,0,2,77.68516951166791
SN_1366,2026-04-02 14:06:00,2,8.142857142857142,-3.0,1,69.58141020075394,66.45588252341095,0.914517390360378,1.2109898335744196,483.4164339439746,43.3506319210859,3315.4953097002835,-23.20191171870695,113.82748923628716,13.474401148578927,11.99293709544917,0,0,1,1,1,0,0,0,1,0,1,0,0,1,0,3.299846643669602,147.13647524775422,11.554823343388225,1,4.335083584771796,0,1,37.97160562710413
SN_1367,2026-04-02 14:07:00,2,9.0,-3.0,1,64.40226935808415,73.37279172883979,0.9149067332179566,1.2195983725474466,488.7159823756009,44.05420099825123,3083.7555763904024,-26.6401543754746,126.1389675521175,15.838932072384932,11.602451303454222,1,1,0,0,0,0,0,0,0,0,0,0,1,0,1,3.1566976554458837,147.21009293146585,11.546467123031034,1,4.864977027721981,1,2,50.116957478996625
SN_1368,2026-04-02 14:08:00,1,9.857142857142854,-3.0,1,68.03235072015136,58.952466321747146,0.9206087157781717,1.2045061304943139,458.0054144487207,45.80415128276926,3405.2141355222348,-24.477505204126867,129.61022756989487,18.408516937123682,10.615481980575003,0,1,1,0,0,1,0,1,1,0,1,0,0,0,0,3.302315801678342,146.08797649816543,12.002968227011456,1,4.545172825989676,0,1,94.21551744794255
SN_1369,2026-04-02 14:09:00,4,10.714285714285712,-3.0,1,70.89347358405237,69.63752417320208,0.8872141985088885,1.2008277290378542,480.5323736421287,47.14552317038417,3495.037544376238,-21.42883553127664,152.95225761228156,15.787506052191635,12.9877285159246,1,0,0,1,0,0,0,0,0,0,2,0,0,0,1,3.348457996867338,143.92394668460716,13.08368660629435,1,5.371077587139086,0,4,95.2361311140048
SN_1370,2026-04-02 14:10:00,1,11.57142857142857,-3.0,1,76.14607392148525,68.89240624406028,0.9071304841603802,1.2003678283317423,453.3489595145059,44.846643920953866,3194.1283959547486,-24.11412258286231,114.10185062880711,16.453484350522412,11.224393638562397,1,1,1,1,1,0,1,0,1,0,1,0,0,1,0,3.2236014506844892,142.4014045360816,12.290757805732259,1,5.707502876412023,0,1,134.5515021342749
SN_1371,2026-04-02 14:11:00,2,12.428571428571427,-3.0,1,73.01547342474417,61.8836290424932,0.9094868132496345,1.1761569321121426,447.62220880748083,45.04837436370142,3387.456563027648,-23.716808426520235,153.804449625745,18.063395446456312,11.2201933242624,2,1,0,0,2,0,3,0,0,0,1,0,1,0,1,3.485737180184995,144.06006607182374,12.322792335256342,1,4.3417073070484875,0,1,128.56943408240437
SN_1372,2026-04-02 14:12:00,3,13.285714285714285,-3.0,1,65.74732360626479,65.81294381834412,0.8928873273734406,1.2074515086428481,441.67405952365596,45.42991891500001,3041.525439406211,-23.049482790565378,139.08612185322426,15.3938570322514,12.991926309886955,0,1,2,1,1,1,0,0,1,0,0,0,0,1,0,3.3649752598135088,144.2436871685405,10.61524062710546,1,4.968397732773881,0,0,52.983317546565694
SN_1373,2026-04-02 14:13:00,4,14.142857142857142,-3.0,1,82.42594958339446,63.16946700264954,0.8884234206391068,1.2013416641599584,442.2402252155609,43.45228406060298,3361.2832311772872,-21.65867674136468,135.00514389307895,19.053297185079394,10.117016553328273,0,0,0,1,1,0,0,1,1,0,0,0,0,0,0,3.365677555512781,144.623165666042,11.559301387035005,1,4.684067697592664,0,1,109.67375336039017
SN_1374,2026-04-02 14:14:00,2,-14.142857142857142,-2.142857142857144,1,71.32387655488989,65.74275432167495,0.9241428099866396,1.2042834205066073,411.3049610922742,42.22382322707113,3357.091461283919,-27.310449424378866,118.18439575578454,18.98814161124618,10.476402189331834,1,1,1,0,0,1,0,1,0,0,0,0,1,0,0,3.3741737357761004,147.54394856546185,12.234780701952717,1,5.422219974126444,0,1,26.969539306975918
SN_1375,2026-04-02 14:15:00,4,-13.285714285714286,-2.142857142857144,1,76.37695368999508,71.03652405361821,0.9034124381359808,1.1928853780591628,456.6063690901835,39.733686308067874,3329.515592028482,-22.830951896325132,136.8536949044569,15.803332991979277,11.981865756491919,0,1,0,1,1,1,2,0,1,0,0,0,0,0,0,3.1132768946168823,146.20029401866918,11.953213745540943,1,5.204742728941799,0,2,81.390825511344
SN_1376,2026-04-02 14:16:00,1,-12.428571428571429,-2.142857142857144,1,69.24142783211386,67.42242493052525,0.9095395162606761,1.196155431210229,448.9916522446489,42.91455192576938,3197.665536669456,-24.536278278483525,121.3181605309624,15.133698603971181,12.293284429004853,0,2,0,0,1,0,1,0,0,0,0,1,0,0,0,3.356389142145152,142.93228695655134,11.376188373904636,1,5.587907111707818,0,2,134.03115464231124
SN_1377,2026-04-02 14:17:00,3,-11.571428571428571,-2.142857142857144,1,72.66679622352724,67.03443349293377,0.8876688598225811,1.1958897506349682,468.6340181019469,46.41943635980336,2756.8626588136954,-23.666724209376323,145.19993503838094,17.04585706958547,12.484734647968924,2,0,0,1,1,2,0,0,0,0,0,1,0,0,0,3.482086321426213,142.0474237246437,11.238743157053433,1,4.789468625209495,0,1,81.52923743335197
SN_1378,2026-04-02 14:18:00,1,-10.714285714285715,-2.142857142857144,1,74.19734252259202,63.27876272018143,0.8817107330021671,1.2102162298407304,452.3380874109652,42.8912656858813,3103.7409284521805,-21.880099660475246,118.3472556507072,15.478712586221713,11.698201506603747,0,0,3,0,1,1,0,1,0,1,0,1,1,0,1,3.3607531019377452,145.89711312436285,12.653346713105508,1,4.941675376555471,0,1,144.32585853140506
SN_1379,2026-04-02 14:19:00,3,-9.857142857142858,-2.142857142857144,1,76.09097355877128,59.06377334030266,0.8914582533826184,1.196212401633969,445.9324074607727,44.28657888772218,3106.11259734731,-26.388373302823688,128.64209806652698,14.265167174398997,14.53036966864169,0,0,0,2,1,0,0,0,0,0,1,1,0,1,0,3.2789763618442316,141.29304384879856,12.690295747522677,1,5.197057487207305,0,1,164.56636177804054
SN_1380,2026-04-02 14:20:00,4,-9.0,-2.142857142857144,1,75.28684152689112,64.16612715783837,0.89813967918915,1.220826603221098,428.22017424980925,46.39929386223695,3053.2617592909282,-26.02528888288618,123.33672294384195,17.92185798028447,11.772107441234166,0,0,0,0,1,0,0,0,2,3,1,0,0,0,0,3.2107745015403237,143.29247772931717,13.484118985474154,1,4.864474915232061,0,4,111.43861478870866
SN_1381,2026-04-02 14:21:00,4,-8.142857142857142,-2.142857142857144,1,74.36098500036489,69.82643261945566,0.8840366998977398,1.2043086241901504,451.80383092054404,46.56206848926801,3218.33645068206,-27.870859919427613,118.14972445087606,17.82467108091562,11.769213847897278,0,0,1,2,0,0,1,0,1,0,0,0,1,0,1,3.2030516601025196,142.87461803846017,12.293675733482404,1,5.149500768108174,0,0,44.88058699321295
SN_1382,2026-04-02 14:22:00,1,-7.2857142857142865,-2.142857142857144,1,68.42456634402946,58.89132857364141,0.8998523278702443,1.1872431734000426,468.45593077040405,41.76140144350188,3137.155483171815,-25.098317883527553,138.89583780289496,16.233267405645343,11.203013331186122,2,0,0,0,0,1,1,1,1,0,0,0,0,0,1,3.19344520660597,154.70418713592778,8.885677975100485,1,5.635074210983223,0,3,78.67351793837915
SN_1383,2026-04-02 14:23:00,3,-6.428571428571429,-2.142857142857144,1,67.1412697902197,60.77964252729322,0.8746724221789726,1.1987145370674803,421.4165252229035,47.99117806936093,3076.308198535247,-21.339135311242366,136.4255049689156,14.105702869407732,12.123906816521071,0,0,0,0,0,0,1,1,0,0,0,1,0,1,0,3.267965503867968,139.903283936868,15.537436411299208,1,6.066798639770406,0,0,25.365603129846022
SN_1384,2026-04-02 14:24:00,3,-5.571428571428571,-2.142857142857144,1,71.66303755162099,65.50507094493628,0.8831992886629519,1.1934832487784357,452.1868438420185,48.38205026806646,3041.179977762827,-24.24117437694694,144.50812238681198,14.15571062317392,12.614961232046774,0,0,1,0,1,1,0,0,0,1,0,0,1,0,0,3.2145492614396645,141.8294530242108,11.986797763642983,1,4.755834610327976,0,1,110.79253303306838
SN_1385,2026-04-02 14:25:00,4,-4.714285714285715,-2.142857142857144,1,74.66564036170534,61.06138086061095,0.9100636687241531,1.1780561753017997,455.8260737882371,41.61045042834432,3092.6730521772156,-26.68024979130957,108.64149870150199,16.16084393262873,13.20357805453346,0,1,0,2,0,0,1,0,0,1,0,0,0,1,0,3.2878420932916566,142.77769293248718,11.38496603750341,1,6.073766566389993,0,0,142.30586414022696
SN_1386,2026-04-02 14:26:00,1,-3.8571428571428577,-2.142857142857144,1,68.88639649611696,61.82990621153915,0.9090568578041684,1.2159947094011379,432.04838040954337,42.52848939107654,3368.2248817774894,-24.971357489150094,142.77004842809254,15.250193448242452,10.510715735559781,0,0,0,0,0,0,0,1,0,0,0,0,0,0,0,3.3163150951541245,143.1921286072269,11.912758955245375,1,4.748853664961461,0,1,114.71137136491818
SN_1387,2026-04-02 14:27:00,3,-3.0,-2.142857142857144,1,75.32585982857194,63.30560567308729,0.8941218485191971,1.2070314254222,435.3035923773,48.57327204943857,3100.8462418058757,-26.975723406981245,160.06538686428271,15.488360601787587,11.754004661644299,0,1,1,0,0,0,0,0,0,3,0,0,0,0,1,3.162412575692184,148.9992359345164,11.405858943073389,1,5.434463281142253,0,1,137.19641700241678
SN_1388,2026-04-02 14:28:00,4,-2.142857142857144,-2.142857142857144,1,77.2630837274309,59.5375303832394,0.8847335353638457,1.2053320731789932,455.76527121915535,44.5594394362341,3122.759194035009,-26.250372203462323,124.58030692987664,17.532944732590003,12.446703610809145,0,1,1,1,0,1,1,0,0,0,1,0,1,0,1,3.238792816928563,143.98244837158802,10.771943844859027,1,4.752801965958618,1,2,139.18616552772767
SN_1389,2026-04-02 14:29:00,2,-1.2857142857142865,-2.142857142857144,1,65.4183954046329,61.10351261513453,0.8845889467271099,1.201654036602997,421.66447454268445,38.34066615764445,3131.495357746513,-23.222362179472572,152.74178334530762,17.099768976133838,12.587057534594535,1,0,0,0,1,0,0,0,0,0,0,0,1,1,1,3.253676021881509,139.7032117570354,12.921830058362573,1,4.4852035698717705,0,2,146.5458109753148
SN_1390,2026-04-02 14:30:00,1,-0.4285714285714288,-2.142857142857144,1,65.8153964810186,67.81371166714924,0.8944009763108803,1.1861798243130757,458.7480928812348,40.80095548580194,3250.849027071413,-26.34774665261206,126.84206473528208,18.06721402074642,12.006548657804538,0,1,0,0,0,1,0,0,0,1,0,0,0,0,1,3.251419021170125,150.7236563239909,11.777180576789343,1,5.611363005042632,0,2,62.39958475164781
SN_1391,2026-04-02 14:31:00,2,0.42857142857142705,-2.142857142857144,1,69.29812470547331,59.770520871076144,0.9096677773746794,1.1951638286044455,427.61614065852,44.251891124482555,3268.4374232792798,-21.774731389593395,113.53108314926432,14.514065164934113,12.542423969532102,0,0,2,0,0,0,1,0,0,0,0,0,0,0,1,3.30143320622617,146.05455600336452,11.865840764459172,1,4.975425106230722,0,1,149.46266728614074
SN_1392,2026-04-02 14:32:00,1,1.2857142857142847,-2.142857142857144,1,71.53806334094598,58.60851146202065,0.9139236853701649,1.20841780774784,476.5713423258304,41.510872049146194,2743.3015191135255,-24.142240581660673,126.33241069111845,15.485212646969932,11.191036107074199,2,1,1,0,0,1,0,0,1,0,1,0,1,0,0,3.309982581071411,146.6820942451345,8.245788786097844,1,5.6419991667075635,0,2,118.1895357787427
SN_1393,2026-04-02 14:33:00,4,2.1428571428571423,-2.142857142857144,1,67.37716493116474,62.47990008186442,0.8925520239677704,1.1894877997021749,508.4456936347075,43.759728688090675,3353.2452820741414,-23.828810592110948,142.5784476121033,17.13847254319017,13.557905432318357,0,0,0,1,0,0,0,0,2,0,0,0,1,0,0,3.266056697629403,147.60334734754352,11.660267669956232,1,5.376007023030872,0,3,65.72048014960612
SN_1394,2026-04-02 14:34:00,3,3.0,-2.142857142857144,1,76.76101339433572,67.92782201003938,0.8826976136102282,1.1746823068374919,428.4810799574545,45.097188641050735,3415.455205136563,-24.556745935215787,119.94188221202162,16.67211751151934,12.99262810297943,0,0,0,0,0,0,0,0,2,0,0,0,0,0,0,3.246203237505263,140.07183493295668,10.385087469385455,1,5.205557070656989,0,2,166.1704389594616
SN_1395,2026-04-02 14:35:00,3,3.8571428571428577,-2.142857142857144,1,72.12033430759226,64.21231276801244,0.904017654567995,1.1977289399221906,463.35519655936685,49.386763812104185,3042.4720193957496,-22.454304322912552,122.79593609192216,18.298570573881435,10.655072212934828,0,0,0,0,1,0,0,0,2,1,0,0,2,0,0,3.2983509179260877,144.97247626799788,11.216345322063523,1,5.275577987629112,0,1,160.82626469736033
SN_1396,2026-04-02 14:36:00,3,4.714285714285712,-2.142857142857144,1,70.1972352412037,63.14167568753753,0.8876469754406123,1.1985824244597245,431.8314523779495,44.12863825131663,3054.1552632897747,-22.43368022444598,137.1224731875183,16.630805058856104,10.924896951883245,0,0,1,1,0,0,1,1,0,0,0,1,0,0,1,3.4153837318535976,148.28499117710692,12.354420140929575,1,5.544321771649405,0,1,106.7195015817215
SN_1397,2026-04-02 14:37:00,1,5.571428571428569,-2.142857142857144,1,62.820452380657365,65.17743519006243,0.8922262104170819,1.2013556341641471,476.0238543449447,48.217625398718276,3132.461991833259,-23.329891296175656,130.0367214008629,18.772163656158327,10.953078249893094,0,1,1,0,0,0,0,1,0,1,1,1,0,0,1,3.1835635250518917,142.43892117865406,11.079732762131938,1,5.463224073412492,0,0,145.42200648953715
SN_1398,2026-04-02 14:38:00,4,6.428571428571427,-2.142857142857144,1,63.42092091786246,58.017170268561394,0.9198791413565556,1.2072851864351453,418.3685397728696,49.286280486110314,3086.5993970815093,-22.870421788184704,137.01547542984088,16.81002670258471,12.677969970896529,0,0,0,2,0,1,1,1,0,1,0,1,0,0,0,3.3905348664200576,146.22664256047597,11.286687621901915,1,4.797735118226095,0,0,61.65520637566152
SN_1399,2026-04-02 14:39:00,2,7.285714285714285,-2.142857142857144,1,71.40504625140903,66.97882261510013,0.9124067314284865,1.206376058122312,462.0146689606928,49.302929008056225,3233.589031091991,-24.42417933984085,132.85395448910003,17.59325117138299,10.715272233582533,0,0,0,0,1,0,1,0,0,1,0,0,0,1,0,3.1693068564223736,147.1740741974561,12.14486577292626,1,5.211467215922601,0,1,83.90932751196816
SN_1400,2026-04-02 14:40:00,4,8.142857142857142,-2.142857142857144,1,59.33702186922582,66.53374012561457,0.9023696146837717,1.2025876980524393,428.1752758277662,45.85426378015671,2908.0212070461703,-22.915593986181904,135.75550383461888,15.514727579823314,11.668975665791919,0,3,0,0,1,1,1,0,1,0,0,0,0,1,1,3.3289467128142216,139.16017566140917,11.240229905855266,1,5.7503076935675095,0,0,50.491933547112055
SN_1401,2026-04-02 14:41:00,2,9.0,-2.142857142857144,1,75.06318704822036,63.36276610361711,0.8809212149833092,1.211955313880867,444.82538527254076,39.11013255648308,3032.310858794489,-24.675755550947613,124.8123857702855,16.021430817825983,12.454704396416775,1,2,0,0,0,1,0,0,0,1,0,1,0,1,1,3.383969023597614,140.87021364089557,10.417030455395178,1,5.022645223647434,0,4,98.89478053861171
SN_1402,2026-04-02 14:42:00,1,9.857142857142854,-2.142857142857144,1,69.2092307781384,69.02369804718566,0.9031709485120599,1.1848103021918668,424.2243681213173,46.382474596211594,3430.879580026236,-23.995536755675197,132.78077130436472,17.366416605759213,11.933834065453565,0,0,0,0,0,0,1,1,0,0,0,0,0,0,0,3.1941196517892596,135.86089345701382,9.417741529590678,1,4.752953666861984,0,2,95.4242059303198
SN_1403,2026-04-02 14:43:00,1,10.714285714285712,-2.142857142857144,1,86.21546484797366,60.490015604187846,0.9159398593618129,1.2050458181447739,470.55876177239384,48.14519966344062,3060.7670048977975,-24.549287498732596,118.8715239316488,18.419467255889582,12.258887515712706,0,0,0,1,0,1,0,1,0,1,0,0,1,0,0,3.328060828648811,145.9069352074048,12.504863676023687,1,4.689308276626132,0,1,54.64510453846556
SN_1404,2026-04-02 14:44:00,2,11.57142857142857,-2.142857142857144,1,81.53958125308056,69.51163597301428,0.894365495013517,1.2062653836333694,429.0754911390103,44.756798683693745,3386.514241715439,-24.914437078638393,145.46120347004066,17.09385542396613,10.93419728865124,0,0,0,1,0,1,0,0,0,1,0,2,0,0,0,3.2163000376095185,152.53987884966128,11.225243108430702,1,5.424577152040103,0,2,120.88344389511805
SN_1405,2026-04-02 14:45:00,2,12.428571428571427,-2.142857142857144,1,69.09275465376241,65.617974662381,0.9202667113498008,1.1876043771391975,463.7991064832957,50.233751610225745,3253.3007293385203,-25.37822359544358,122.38870339819223,15.87524234209807,12.594854373397245,0,0,0,0,0,0,1,0,0,0,0,0,1,1,0,3.393625258048121,142.23126759793473,9.501718423919689,1,4.8797874326748225,0,0,40.9618025556594
SN_1406,2026-04-02 14:46:00,2,13.285714285714285,-2.142857142857144,0,69.46831498734342,63.653789640487304,0.9193911793427731,1.184971293913176,516.3975492934417,57.579500684402376,2928.609842811761,-23.06461979228223,143.54616985059266,18.066002544292513,11.386788107524003,0,0,0,1,0,0,0,1,0,0,0,0,0,0,0,3.171993482318828,144.2292501831422,13.86849381365856,1,5.181117519777493,0,0,32.88356895403841
SN_1407,2026-04-02 14:47:00,4,14.142857142857142,-2.142857142857144,1,74.97790757001015,64.92050545852675,0.9249559924821521,1.1925405787352439,447.1381907050284,46.704820131458355,3295.299379282431,-21.378788174373074,127.19671646820561,12.712032015580178,11.67538032560206,0,0,0,0,0,0,0,1,0,0,0,0,0,1,1,3.2286021531868934,149.05329381967886,12.507038245875743,1,4.855968055064916,0,3,79.42631548738359
SN_1408,2026-04-02 14:48:00,2,-14.142857142857142,-1.2857142857142865,1,78.5158630495902,64.57094093675623,0.9045786468979703,1.193384585574847,453.6938976850032,48.259142133617516,3182.349904671072,-21.65779605666088,132.42398812908786,13.86664824773969,12.237731727905986,0,1,0,0,0,1,2,1,0,0,0,1,0,0,1,3.310510386793469,146.06350258212626,10.218074207136418,1,5.586972828850697,0,0,83.01476800099752
SN_1409,2026-04-02 14:49:00,1,-13.285714285714286,-1.2857142857142865,1,61.80985471281991,69.88113158567087,0.9088108754970902,1.2075341946350242,430.9543832085288,46.000109553782636,3131.6799415625387,-26.51313067189087,124.06042538931159,17.022451335502584,12.103078221530849,0,1,0,0,0,1,0,0,2,0,0,0,1,0,0,3.3569179029906384,141.10523928223265,10.94304570606055,1,5.075108207126749,0,1,70.04264733981401
SN_1410,2026-04-02 14:50:00,1,-12.428571428571429,-1.2857142857142865,1,61.06812267322657,60.693283490115945,0.9212128093249664,1.193854612163089,455.2591778385222,37.52156850181394,3236.7435639758005,-21.421593897186252,117.80805482598365,16.021162534379688,12.023980019015593,1,3,0,0,1,0,0,0,0,0,0,0,0,0,0,3.3074173521951096,151.10523034760197,13.56961795076953,1,5.714084633116642,0,4,61.14431581126806
SN_1411,2026-04-02 14:51:00,3,-11.571428571428571,-1.2857142857142865,1,66.8898259722281,61.949923043413605,0.9067109090560347,1.191436514817188,488.2583641088603,43.5025831455889,3271.195022835019,-24.636317003235856,109.06287534873638,16.908270476686248,11.249373178023244,0,0,0,0,1,0,0,0,0,0,4,1,0,1,0,3.339611251877412,145.78929696893545,11.736857327227954,1,5.695772041674043,0,3,72.78379368137237
SN_1412,2026-04-02 14:52:00,2,-10.714285714285715,-1.2857142857142865,1,72.91368791586932,69.14521156828992,0.8924814883831468,1.1938836626330545,430.54763035418216,48.59150408174356,3306.138773296193,-22.798533969708817,117.33611009689048,16.096611283647913,11.700450588800807,0,0,0,1,0,0,1,0,0,0,2,1,1,0,0,3.2560626687377634,144.07113746942105,11.372444585895444,1,4.955927540517791,0,4,47.52608264910283
SN_1413,2026-04-02 14:53:00,4,-9.857142857142858,-1.2857142857142865,1,72.48436795253798,62.61786025926456,0.8932718574520822,1.211186323341542,479.2952535818461,42.57722597970511,3376.7379271322,-25.81243066409442,126.11309376140893,16.85641854190581,12.002183590837037,0,2,0,0,0,1,0,0,2,1,0,1,0,0,0,3.2127114747122514,144.40222968903666,13.126012731752924,1,5.66667196374339,0,0,82.09715555513434
SN_1414,2026-04-02 14:54:00,4,-9.0,-1.2857142857142865,1,75.34885727491925,68.60213230932636,0.9035783243066061,1.2001304337437695,487.4524408371946,44.32958248428918,3261.2203869167533,-23.71604017225199,132.54255014594662,14.778395768510213,10.624914766832916,0,0,1,0,0,0,0,0,1,2,0,0,0,0,0,3.4171690146917135,147.3634755619115,11.748274673482852,1,4.831115442454485,0,1,154.2628857865119
SN_1415,2026-04-02 14:55:00,4,-8.142857142857142,-1.2857142857142865,1,64.00151235817346,71.79774393203483,0.8806415786708067,1.1982074897464308,429.5961252742989,41.865491058290786,2993.654886682046,-23.372553634206184,142.12455175939917,16.855729129119535,11.537467033686621,0,0,1,0,0,1,0,0,0,1,1,1,0,0,0,3.3399011882791902,142.5464539831459,13.844505489584634,1,5.1330734882261,0,0,56.317470894072706
SN_1416,2026-04-02 14:56:00,3,-7.2857142857142865,-1.2857142857142865,1,58.41928068515561,63.39281989223347,0.8978511162695372,1.1988999450129894,413.6236348727362,50.351767785605304,3128.9531813523213,-26.969209583839305,124.65091048243781,17.491621792311378,12.387679879032847,2,0,0,0,0,0,0,0,1,0,1,2,0,0,0,3.260981200354168,151.28648316195282,11.380949637450062,1,4.610146278717929,0,0,122.56095902645046
SN_1417,2026-04-02 14:57:00,1,-6.428571428571429,-1.2857142857142865,1,74.29007097651072,67.72544930630121,0.9164482067734538,1.2129206033432651,457.5490225042941,50.04447737225405,3641.4572502902934,-22.78346566731162,119.4164708287939,17.830825905896848,10.722563396154657,1,0,1,0,0,0,0,0,0,0,0,0,0,0,0,3.1676998131933747,150.0345333620127,11.144446027771291,1,5.296777569420059,0,2,44.41696949728887
SN_1418,2026-04-02 14:58:00,4,-5.571428571428571,-1.2857142857142865,1,65.85901863517383,60.38523087464057,0.8671311922325208,1.1925082827339675,436.31481193082817,42.34839331457781,3308.673659057259,-21.30812998432337,112.68742256796745,19.02033144197305,13.156581651594239,1,0,1,1,0,0,1,0,1,0,1,0,0,1,1,3.3978538494174995,145.03391910974594,12.024887879046641,1,5.150648174657869,0,0,74.96255385747324
SN_1419,2026-04-02 14:59:00,1,-4.714285714285715,-1.2857142857142865,1,59.90756067805681,68.01893319227123,0.9230172315269177,1.213155082909401,496.7150804790751,45.44189400116725,3555.3930951217244,-24.349295891363255,135.76076341484924,16.36614766525358,13.269613262599844,0,0,0,2,1,0,1,2,0,1,0,1,1,0,0,3.4011483492402506,145.24643754550925,13.447016187546078,1,5.257099449182092,0,2,70.2491683985169
SN_1420,2026-04-02 15:00:00,3,-3.8571428571428577,-1.2857142857142865,0,70.72531872979691,65.79769594394706,0.9168356132805474,1.202104962989215,525.8701885124958,52.95851785670786,3409.3151123298776,-21.279663738343974,146.59833418395212,16.410866630270768,10.754849424039914,0,1,1,0,0,0,1,2,1,0,2,0,0,0,2,3.2826028437570907,141.61583312108237,12.3742697240681,1,4.319936190795857,0,0,158.9322327947992
SN_1421,2026-04-02 15:01:00,2,-3.0,-1.2857142857142865,1,73.96587844109338,66.89215312864086,0.8931035307625429,1.1983958061802464,429.94501479912054,46.844833917094135,3236.2703107333623,-24.379386986904816,145.19596321547547,13.715241303739228,13.35761963305014,0,0,0,0,0,0,0,0,0,1,0,1,1,1,0,3.247150976690605,142.45064239449127,12.155317711240352,1,4.005322066470526,0,3,85.62941603546048
SN_1422,2026-04-02 15:02:00,2,-2.142857142857144,-1.2857142857142865,1,69.38971433939362,62.417711711858416,0.9081508624180772,1.2250090049793427,421.3210122247072,46.52904923172699,3245.2110604671675,-22.300830937906767,138.51919297776686,15.202882898292362,11.856418411287866,2,1,0,1,1,1,0,1,0,0,0,0,0,3,1,3.27925629050192,140.45841463669512,10.788920215895772,1,4.433684544345041,0,1,123.42709590451929
SN_1423,2026-04-02 15:03:00,2,-1.2857142857142865,-1.2857142857142865,1,67.71075806908755,58.35566633773131,0.9000472159035949,1.189443605102014,477.24762397727073,47.43511671483979,3194.512994018473,-28.4371399319022,137.6625198072112,15.710376888990082,12.418514559157055,1,0,0,1,0,0,0,2,0,0,0,0,0,0,0,3.283136998033714,144.18370186884457,10.568525638276526,1,5.249559324063618,0,0,110.75464449187142
SN_1424,2026-04-02 15:04:00,4,-0.4285714285714288,-1.2857142857142865,1,69.20318883927047,67.01300825899801,0.9184498555265803,1.19646314240433,435.72040064789536,45.99575534312366,2939.329307623025,-19.162444441373072,150.3714853565121,17.57547932841453,11.503348947871753,0,0,0,0,1,0,1,0,0,2,0,1,0,0,0,3.361562953159576,145.24937407982407,13.44866360568308,1,5.336726554157974,0,2,44.30833084100564
SN_1425,2026-04-02 15:05:00,2,0.42857142857142705,-1.2857142857142865,1,68.14708618799608,56.746387390082184,0.9147402471415491,1.18767568760836,451.0957199865107,53.806218619165406,3202.707087870234,-21.009083509514085,133.98497753700173,15.083498313865556,12.923044827226763,0,0,0,1,0,1,1,0,0,0,0,1,1,3,2,3.20897122919195,138.63968903950237,13.606263529288398,1,5.564668396081549,1,3,159.29382494840905
SN_1426,2026-04-02 15:06:00,4,1.2857142857142847,-1.2857142857142865,1,63.259764440299165,63.730598031029864,0.8789989391522549,1.2095246197053617,473.895068627812,41.916228704967786,3381.60118288133,-24.569251008507358,137.75355611229006,17.19451002962325,12.406094018848668,0,0,1,2,0,2,1,0,0,0,0,1,0,0,1,3.2533116349517184,147.755647287188,13.55789267352236,1,4.797744416340443,0,0,73.8051780272299
SN_1427,2026-04-02 15:07:00,3,2.1428571428571423,-1.2857142857142865,1,66.42659661504784,68.76472746567988,0.9088089362019627,1.2168918893365168,437.89354120172925,39.868189936690456,3110.0540007768195,-27.944178053287636,126.15059365777601,15.99756742455493,11.185846743402397,0,0,0,0,1,1,2,0,0,0,1,0,2,0,0,3.2853065276675824,141.51646911653202,13.186575833160546,1,5.1043210088990705,0,1,30.44520323284556
SN_1428,2026-04-02 15:08:00,3,3.0,-1.2857142857142865,1,72.60639952506907,65.76759094349214,0.8969155821953513,1.2166992278140463,448.85177928149596,43.82072939789562,3261.7929498592716,-23.42394326338902,113.6554795497429,15.734247827327858,10.834798000034711,0,0,1,1,0,0,0,0,1,1,0,0,1,0,0,3.3206712488800374,146.64724689491192,12.669775150066979,1,4.649486883126507,0,0,67.26389378556303
SN_1429,2026-04-02 15:09:00,4,3.8571428571428577,-1.2857142857142865,1,71.6083927068825,72.79337057915926,0.9012424885577716,1.21223948753146,449.585789754437,40.2960352033192,3327.7386568839797,-26.887851094147514,121.79381319400508,16.373340953699884,10.539697564790778,0,0,0,1,0,0,0,0,1,0,0,2,0,0,1,3.3693103298780285,148.22900080856047,12.646814335252458,1,5.6836984069049326,0,2,72.33125652705496
SN_1430,2026-04-02 15:10:00,1,4.714285714285712,-1.2857142857142865,1,70.8402990298341,69.1004366103271,0.8890774214854528,1.1980237953220403,467.0831127879023,40.522613189982025,3063.5479341031287,-23.110292924885023,129.89009153758414,15.413265441620736,12.187941776432757,0,0,1,0,0,0,1,0,0,2,2,1,0,0,0,3.324878445439472,150.2282156312137,12.200389865347885,1,4.645325377086579,0,1,37.355327142536716
SN_1431,2026-04-02 15:11:00,2,5.571428571428569,-1.2857142857142865,0,65.0242575907331,62.384406446697696,0.9262220560368125,1.1963475902251015,539.7686083877581,51.9960560374061,3132.3045703484504,-23.176868561671437,130.72942447001563,15.356444127861002,12.572471411779736,0,1,1,0,0,0,1,0,1,0,2,0,0,1,0,3.44016835569483,149.3882136899003,12.843108250771836,1,5.589264268004354,0,0,113.27674651871176
SN_1432,2026-04-02 15:12:00,2,6.428571428571427,-1.2857142857142865,1,69.09248418932167,65.10925351940575,0.9156009272985387,1.1832883022750593,444.4971567186293,42.23343328370512,3047.313276428426,-25.88280633800405,153.11543025826472,13.442821141314829,12.650965678779441,1,1,0,0,1,1,0,0,0,0,1,1,2,2,0,3.2206762731352585,151.62656962574653,11.937464051511084,1,4.874343914879754,0,2,73.93404559798253
SN_1433,2026-04-02 15:13:00,2,7.285714285714285,-1.2857142857142865,0,59.11467476778573,64.81051718982225,0.8889034325404055,1.220358735351818,526.5912265374129,52.13614569414982,3076.675158996589,-21.758065952771243,130.97532601109282,15.628068689008165,11.882018905392622,0,0,1,1,2,1,0,0,1,0,0,0,0,0,0,3.4169308550571262,148.2619573291987,12.838906504121233,1,5.787622803384548,0,1,114.5953833116598
SN_1434,2026-04-02 15:14:00,4,8.142857142857142,-1.2857142857142865,1,70.89238331942695,58.671292946615495,0.8799808408963465,1.2046897807814847,440.7055247119128,46.55465685133623,3006.8592074520407,-22.38885059438765,144.14612132830771,15.28004778077691,10.843003544335636,0,1,1,0,0,0,0,0,0,0,0,1,0,0,0,3.22369001022142,145.67089619855184,13.376339715679533,1,5.091478831696361,0,2,24.97064115682567
SN_1435,2026-04-02 15:15:00,3,9.0,-1.2857142857142865,1,77.14428853906784,61.23840433406259,0.8942149105353323,1.1950804309513052,413.05968982701387,43.48143281674399,3064.932730793296,-22.048353325422873,124.77907310108421,15.226028515976381,11.317925201976218,0,0,1,0,0,1,1,0,2,0,0,2,0,0,1,3.2683757267552545,143.1093044082403,10.113355562157407,1,5.080543684463591,0,0,165.41496945466835
SN_1436,2026-04-02 15:16:00,2,9.857142857142854,-1.2857142857142865,1,62.62933933978947,62.75695637208056,0.9065175396913696,1.2132805688898696,456.4400214349532,44.46145627538256,3412.918352119676,-23.98228459266221,126.25988937081719,16.62530959388506,13.152348638961925,0,0,0,0,0,1,0,1,0,2,0,0,0,0,1,3.330977845433457,144.52224846945174,13.644470868375997,1,4.622959942633395,0,3,48.55435563043415
SN_1437,2026-04-02 15:17:00,3,10.714285714285712,-1.2857142857142865,1,67.07036163341122,56.855117988576254,0.9036030876591934,1.1902723548324,497.3047940208267,47.682698323502805,3062.678445636456,-26.831048133827412,114.05190835331862,16.987947929185765,11.515371435399919,0,0,0,0,0,0,0,0,0,0,1,0,0,0,0,3.3942296066273654,151.5178473946603,11.913282595925109,1,6.083508536242293,0,2,118.94366208551084
SN_1438,2026-04-02 15:18:00,2,11.57142857142857,-1.2857142857142865,1,71.64553389355065,65.18997387300656,0.9187969923715237,1.2040662203422268,427.90702148272345,42.70103242565572,3218.9688828591034,-22.044255455577726,121.09206384548114,16.34829175696349,12.143417630681476,0,2,1,0,0,0,0,1,1,1,1,0,0,1,0,3.2685076417270666,144.20863490492536,14.187299788219898,1,5.495407888745353,0,1,127.07293967225023
SN_1439,2026-04-02 15:19:00,2,12.428571428571427,-1.2857142857142865,1,76.26421317213742,64.00371262138783,0.9118487958327128,1.1982737086570916,430.6742572599324,44.20636230388583,3124.5696869493568,-24.540742798271584,136.32377669636503,17.493122785674213,10.924349516425112,0,0,0,0,0,0,1,1,0,1,0,1,0,1,1,3.331401193446402,144.9794218890471,13.905699291129704,1,5.255978104775557,0,3,48.71160236363656
SN_1440,2026-04-02 15:20:00,4,13.285714285714285,-1.2857142857142865,1,67.75887691849925,58.3084243947537,0.9145435353862936,1.206386771398803,428.23180570890645,46.09727995827875,3376.8298905555407,-26.779560286385337,130.0907221647296,16.86334288874555,12.336583045459035,0,0,1,0,0,1,1,2,1,0,0,0,0,0,2,3.274750097359467,150.90489201797863,10.453872048734594,1,5.11977731069818,0,0,40.086568622748274
SN_1441,2026-04-02 15:21:00,1,14.142857142857142,-1.2857142857142865,1,66.53874835367051,66.61685146110933,0.9049028310091566,1.1993642646081388,468.11479446807806,39.17529659813934,3396.6743444905424,-21.295921268051348,141.3152634387668,15.557415715291537,11.542315438320923,0,3,0,0,1,0,1,0,2,1,0,0,0,0,0,3.116354796467865,144.066711495854,12.000952279326023,1,4.669633423804067,0,2,45.971115625652445
SN_1442,2026-04-02 15:22:00,4,-14.142857142857142,-0.4285714285714288,1,60.15538428791959,67.86349097876383,0.8791605190468351,1.1854907210888876,461.212136354911,37.84528347314826,3329.610497320842,-19.80118495899498,132.1750473801406,15.305715571428431,13.046712713775763,1,1,0,0,0,1,0,2,1,0,2,1,0,1,0,3.2969251346122617,141.82077861805604,9.201249601309016,1,5.336635522480075,0,0,59.541828841672015
SN_1443,2026-04-02 15:23:00,2,-13.285714285714286,-0.4285714285714288,1,70.51719064654053,65.90813791545956,0.8970645220327965,1.2007557637267003,446.03655768958856,46.03835198639317,3245.9201829654135,-24.082496257958407,125.77055522034709,16.46923335515027,12.773557706206814,0,0,0,0,1,1,1,0,1,0,2,0,1,0,0,3.2006776500504945,149.53274165629003,11.420884528454692,1,4.9666486872671385,0,0,48.22542499097887
SN_1444,2026-04-02 15:24:00,2,-12.428571428571429,-0.4285714285714288,1,80.21038020071872,63.70372729916412,0.91590134609863,1.2104886414187537,427.04952345902586,46.476042841700696,3165.341069473865,-19.681757690793418,155.7795623654435,16.86065066485285,11.5042940534251,0,1,0,0,0,2,1,1,0,1,1,0,0,1,0,3.40171912519073,141.6899653099027,12.53360941143432,1,5.028760211483318,0,2,121.05591748167575
SN_1445,2026-04-02 15:25:00,1,-11.571428571428571,-0.4285714285714288,1,71.38679230982338,67.36576860700742,0.8992271560721303,1.1997078359414601,452.3094197909981,51.19266040455723,3021.2187943713125,-23.8173705427773,128.87315717544342,18.096766460547247,11.873335972652336,1,1,0,0,0,1,0,0,1,1,0,0,2,0,0,3.402272503513921,146.6152695753915,13.270431462503394,1,5.44548526225347,0,1,84.59998133655368
SN_1446,2026-04-02 15:26:00,3,-10.714285714285715,-0.4285714285714288,1,69.88860510408144,67.72088144190677,0.9075463555293563,1.2077511512158907,410.8844468166049,45.47428462760043,3491.5293321683293,-24.760911808332704,143.95601163646364,17.786759567410144,11.44888375995937,1,1,1,0,1,0,0,0,0,1,1,2,0,0,0,3.2331201849246747,145.91531743671587,12.103854179443312,1,5.142226328814165,0,0,101.44198961021229
SN_1447,2026-04-02 15:27:00,3,-9.857142857142858,-0.4285714285714288,1,71.61041155383492,66.22961427887876,0.895218775271308,1.1895447051432595,453.5856641714373,47.459219151774285,3086.049047337117,-25.260916908370955,125.18548952146386,15.187790490239246,10.58056680345499,0,0,0,1,0,0,1,0,0,0,0,1,0,0,1,3.2208243808385877,146.26295825428318,12.664139370583213,1,5.00907538308039,0,3,30.81649758851879
SN_1448,2026-04-02 15:28:00,2,-9.0,-0.4285714285714288,1,69.94453998025699,61.701550998260956,0.8845528222718724,1.1997373920673013,471.78810965219833,44.413582069242075,3299.5469520549264,-20.725835184014514,138.51519375260278,15.846990579809107,11.142557570452784,0,0,0,1,0,2,0,0,0,1,0,1,2,2,0,3.2496815672636146,135.32097433505493,10.946343898436206,1,5.7178241427093335,0,0,148.01985068650416
SN_1449,2026-04-02 15:29:00,3,-8.142857142857142,-0.4285714285714288,1,65.93492813869935,66.10640306204472,0.8981498390393083,1.1937548954491142,418.7200215841581,45.89168166475526,3358.9348358935094,-25.560287762775545,141.13618790982025,17.006526707376654,12.19821732772082,0,0,1,1,0,0,1,0,0,1,2,1,0,2,0,3.3425915777888195,148.1218671545872,11.97147103561669,1,4.5905648402193,0,2,48.56230366169168
SN_1450,2026-04-02 15:30:00,2,-7.2857142857142865,-0.4285714285714288,1,74.11639957838852,69.78192260330192,0.9046357116454898,1.2074698084010471,411.6870430792584,50.0017705252486,3116.707925464201,-22.529461380050027,132.50190364690698,17.601996667088457,12.325259498229581,0,0,0,1,0,1,0,0,2,1,0,0,0,0,1,3.342908896210828,144.7620201340781,11.114762391319609,1,4.172561605572977,0,3,75.86193572953269
SN_1451,2026-04-02 15:31:00,1,-6.428571428571429,-0.4285714285714288,1,71.12880761555877,62.61348376555308,0.8901646842080784,1.2003149156226198,489.48594729237146,38.62802154562309,3355.7018790973943,-25.11832767011842,101.74620492764078,17.40845420305719,12.14854790359264,0,0,1,1,0,1,0,0,0,0,0,0,0,0,2,3.5726440564676794,147.46513164930883,12.42383766072876,1,4.602001141690323,0,2,34.35383613519845
SN_1452,2026-04-02 15:32:00,1,-5.571428571428571,-0.4285714285714288,1,70.08806625966828,73.39175735652972,0.89646433132715,1.2069007367633662,434.7060090123854,46.24084877271504,3314.6319805008284,-24.920613525148728,130.21902953027336,15.90418325075298,11.698266946041365,0,0,0,0,2,0,0,1,0,1,1,0,0,0,0,3.2753056342479585,147.00317340490815,14.084591823727806,1,5.076020905382637,0,0,43.69821138935947
SN_1453,2026-04-02 15:33:00,2,-4.714285714285715,-0.4285714285714288,1,65.12316986360875,62.89747626405846,0.8859080513702103,1.2108771042615787,478.39869614859555,51.4067601902321,3459.194575307265,-21.939500612060865,144.76552057311972,14.118966021357226,12.933066605720985,0,0,0,1,0,0,0,0,0,0,2,1,0,0,0,3.3073095731517372,146.2637240313173,11.914594932977908,1,5.347275052001822,0,0,119.87511503649525
SN_1454,2026-04-02 15:34:00,1,-3.8571428571428577,-0.4285714285714288,1,76.5175396596738,65.12962805336055,0.9167886737634614,1.2069161857512138,446.1500583700542,45.84610265762803,3129.5980300359934,-24.760073692578707,136.32976999633277,14.501595435631613,12.063541904560937,0,0,0,1,0,0,0,0,0,0,0,0,1,0,1,3.4545386403735807,143.4112804902619,9.943357220645868,1,4.627943017446928,1,2,123.7325283248192
SN_1455,2026-04-02 15:35:00,4,-3.0,-0.4285714285714288,1,73.32351372666555,62.31005761597466,0.8955831636361795,1.2027311843429365,445.9511295764668,49.95171888969854,3007.1203974080427,-24.809590758840585,135.35006650275096,16.40895027147912,12.703253828095947,1,0,1,0,1,0,0,0,0,0,0,1,1,0,1,3.3229072950170653,143.45543190504586,12.294414386144684,1,6.84373340074915,0,1,121.48302978605071
SN_1456,2026-04-02 15:36:00,4,-2.142857142857144,-0.4285714285714288,1,67.23539581316349,65.89308334368104,0.9217913331768928,1.190017877414886,460.96031748741615,43.112363551411676,3124.1765366833233,-21.734390605650386,109.33291679250976,16.51333836913652,10.226224867797482,4,2,0,1,0,0,0,0,0,1,0,1,0,1,0,3.2129539461828505,144.78282512991237,13.058153620111288,1,5.09108047722231,0,2,103.50769744982718
SN_1457,2026-04-02 15:37:00,1,-1.2857142857142865,-0.4285714285714288,1,75.00912426840969,58.031113229458896,0.9229312177581136,1.1999721388933309,427.900028581339,44.90385751750886,3231.3280313801497,-20.805205413556752,121.35453915189929,14.351980939848422,8.077599748381658,0,0,2,0,1,0,0,0,1,0,0,0,0,0,0,3.3273572783938623,145.6858927617905,10.622960336610642,1,5.075890784203347,0,2,161.16311961771456
SN_1458,2026-04-02 15:38:00,2,-0.4285714285714288,-0.4285714285714288,1,67.51214580807397,62.81583280473311,0.8987843105291738,1.1946690959798416,453.31242858739114,45.10057410716576,3208.7319090627584,-22.710620393431533,134.93629157381727,16.066854416333907,12.28378802783808,0,1,0,1,0,0,0,0,0,1,0,1,1,1,0,3.3563852250313464,143.30399803892718,13.862761732737324,1,4.355182746082361,0,0,97.03351115067501
SN_1459,2026-04-02 15:39:00,2,0.42857142857142705,-0.4285714285714288,1,66.08998253744481,60.63151519860573,0.8848732690117898,1.1965593604329576,440.46276462939767,38.347226761923686,3140.9843155588173,-25.309539551247898,134.9245993214427,16.946836535457674,10.57523434627851,0,0,0,1,2,0,0,1,0,0,0,0,0,0,0,3.2726643830246434,148.77174563102903,11.105490978376272,1,4.278600649425469,0,2,88.7153322186883
SN_1460,2026-04-02 15:40:00,1,1.2857142857142847,-0.4285714285714288,1,66.20148441259856,65.54135339156916,0.868711531834,1.1962546584924973,416.9876639148742,41.4954665164494,2913.6203811534137,-25.021216998595158,144.57600136159482,14.273160013739284,11.787548297286945,2,0,1,0,0,1,0,0,3,0,0,1,1,0,0,3.3636223725852563,143.6886278358001,10.859647174795203,1,4.108452267680655,0,0,59.64656146326866
SN_1461,2026-04-02 15:41:00,3,2.1428571428571423,-0.4285714285714288,1,61.144657234559546,68.97778950203563,0.8779194439045982,1.1902007442521776,458.43705186816,41.70937476184804,3270.572449419366,-23.840169472519925,128.26159893824686,17.65749580270662,11.697902958975394,0,0,0,0,1,0,0,0,0,0,1,1,3,2,0,3.3565032044880176,141.0805950449337,9.329069569280374,1,5.6857095009520995,0,1,38.23433221439222
SN_1462,2026-04-02 15:42:00,4,3.0,-0.4285714285714288,1,72.35771190209103,67.5840247484582,0.8793924776265202,1.1804266141086601,443.4173048280521,47.46619823409758,3495.85167186233,-23.358139876148684,134.86988904008578,15.433703277160262,13.587400602415537,0,0,0,0,0,0,0,0,0,0,0,0,0,1,0,3.263324394494286,147.38094218393235,12.403199138812125,1,5.606225475471742,0,1,102.93430991512975
SN_1463,2026-04-02 15:43:00,3,3.8571428571428577,-0.4285714285714288,1,60.84427560830825,55.51336255656443,0.9206770444119226,1.1933185695167223,446.0743792888823,47.61645931705216,3269.6376857184505,-25.975731820279545,130.19649090317552,17.886419668864978,12.399996552943607,0,0,0,1,0,0,0,0,0,1,1,1,1,1,0,3.4241362394398216,152.52465402934848,14.72398727921907,1,4.999273700611072,0,1,69.34418688376724
SN_1464,2026-04-02 15:44:00,2,4.714285714285712,-0.4285714285714288,1,63.857780843671186,73.16827861171151,0.9017373688084042,1.2019337945192416,419.74597641464607,45.9721093281196,3291.370327858027,-22.55392412084027,118.15668716198132,15.19982133133615,12.165859026798673,0,0,0,0,1,1,0,0,1,0,1,0,0,0,0,3.23731365557107,140.32979161913207,12.550125062928394,1,4.392544177608126,0,0,99.45965517943418
SN_1465,2026-04-02 15:45:00,2,5.571428571428569,-0.4285714285714288,1,59.62205995460734,66.18111976248348,0.9058440678613798,1.186518229545725,489.7850091940701,47.47230869056712,3285.8667959232653,-23.8289733407208,102.93050402686303,14.460061775673731,12.836991154633674,0,0,0,0,0,0,1,0,0,0,0,2,1,0,0,3.3349849422659776,144.49873643421856,10.898725254814712,1,4.861237494430045,0,1,53.681147269509076
SN_1466,2026-04-02 15:46:00,3,6.428571428571427,-0.4285714285714288,1,69.56965153604554,61.894003438028,0.8666936848659731,1.200156822364716,471.9178546596529,44.50755176183468,3259.55700048236,-27.431416637276257,135.1721163055609,15.312794515237421,12.36849758683904,1,0,0,1,2,1,1,0,0,0,0,1,1,1,0,3.251830886701711,149.2556010933181,12.769826021357442,1,5.710719087426253,0,2,144.69686479793924
SN_1467,2026-04-02 15:47:00,1,7.285714285714285,-0.4285714285714288,1,69.24839769864064,65.62851167596376,0.8820305035617411,1.2190026842431096,474.10389710429945,48.60579500861863,3339.7498950302142,-25.85785296492146,132.08736650095375,15.85727781538402,11.542323007011566,1,0,0,0,0,0,0,0,1,1,0,0,1,0,0,3.164567383004421,147.27935350257985,13.200529730355205,1,4.747922558223194,0,0,167.95639819090593
SN_1468,2026-04-02 15:48:00,3,8.142857142857142,-0.4285714285714288,1,68.36651893406818,65.70475929001077,0.9133061966466943,1.2102305655525223,442.36388243895794,45.026365327896215,3259.30605217785,-25.008257347303328,122.58189949479797,15.417280139842779,13.07147593025456,1,0,0,0,0,0,0,0,0,1,0,0,0,0,1,3.328669758246469,147.48496156852937,13.740997848102625,1,4.548978609350244,0,0,70.42610545737352
SN_1469,2026-04-02 15:49:00,3,9.0,-0.4285714285714288,1,64.78711152664712,62.33260513219375,0.9043016116857389,1.2164354150912053,406.7704277624145,45.17359214228027,3153.0984245520085,-24.14571537768211,110.56992332180963,15.67599786764033,10.890249872111726,1,0,0,1,1,0,1,1,1,0,0,0,0,0,1,3.4543462389057837,145.12193921869718,10.147534254446825,1,4.809499885965972,0,2,145.29517544548747
SN_1470,2026-04-02 15:50:00,4,9.857142857142854,-0.4285714285714288,1,64.1388312328168,65.7916666693683,0.897791920819716,1.2039112787693271,498.8229345622378,44.20322210021276,3080.601663498687,-20.221442408992008,137.55687417290486,16.500947724514287,12.323247187533562,0,1,1,0,0,1,0,0,1,0,1,0,0,0,0,3.295692714155044,134.36799045772182,14.329589655063174,1,4.853569525196248,0,1,149.71000364050667
SN_1471,2026-04-02 15:51:00,4,10.714285714285712,-0.4285714285714288,1,72.32184931773287,62.57011084951877,0.9084726353790019,1.2116750982298645,448.4725622998533,47.05335143290928,3162.6539517078986,-23.523657387720743,126.80895910965337,15.7432309453054,10.452430205863688,0,0,0,0,1,2,0,0,1,1,0,1,0,0,0,3.1805259952095493,146.03140953167298,12.320169113983798,1,5.369043397952189,0,1,167.43462558101947
SN_1472,2026-04-02 15:52:00,3,11.57142857142857,-0.4285714285714288,1,67.24724034145756,63.38255202923991,0.9245369670920373,1.192760352695322,431.2800050994987,43.73640355016126,3247.1194244676,-25.68154377979725,136.68249666841774,15.900831409071989,12.203943857515995,1,0,0,0,1,0,0,2,1,0,2,1,0,0,0,3.3177646446821427,146.49393060118854,14.62979183776797,1,3.896384397411988,0,1,73.35169868802903
SN_1473,2026-04-02 15:53:00,3,12.428571428571427,-0.4285714285714288,1,71.58179160768073,62.25488345697966,0.8966843630469442,1.1935565973297801,460.42003936207783,47.929294131594204,3152.587555831554,-23.558738391385674,152.3685823649411,13.436160401196105,12.192989641772929,0,1,0,0,0,0,1,1,0,2,0,0,0,2,0,3.2345053699870907,149.50335720691692,12.233382320797311,1,5.084664555331938,0,2,132.8699606948312
SN_1474,2026-04-02 15:54:00,2,13.285714285714285,-0.4285714285714288,1,65.57375656937889,59.26931484104139,0.901040547039871,1.1726085979386252,479.1780197000824,41.60355257785198,3247.1508024697146,-24.704175494907762,104.30282943616353,16.58754702401571,13.676454961914663,0,0,0,1,0,0,1,1,0,2,0,0,0,1,1,3.384303372586949,141.99612920878707,12.865144555208543,1,4.651592879788166,0,2,56.9484965244459
SN_1475,2026-04-02 15:55:00,4,14.142857142857142,-0.4285714285714288,1,70.9053137138554,65.58334588086153,0.9028889537809696,1.211861454740423,449.42373609786335,41.703251235815415,3265.8725200550625,-23.350483520932915,121.60479029557163,15.866195053462498,10.43502610655822,0,1,0,0,0,0,0,0,0,0,1,0,1,0,0,3.281709246682969,151.73127828969743,10.577058106824266,1,4.732229008366452,0,0,113.97062418606863
SN_1476,2026-04-02 15:56:00,4,-14.142857142857142,0.42857142857142705,1,76.51639018658032,67.34119774606535,0.9358816445291099,1.2154032397981989,481.9643791984844,47.06228026537951,3324.9769146905273,-22.83886462592877,127.48749264025705,18.415439470724305,11.399112824146187,1,1,0,2,0,0,0,0,1,0,1,0,0,0,0,3.158195012635729,143.75821653903614,13.477260997496602,1,5.3772298616651515,0,1,125.49733000408862
SN_1477,2026-04-02 15:57:00,2,-13.285714285714286,0.42857142857142705,1,72.93082900196391,67.0595343843055,0.8685096560337147,1.1944682275465273,477.0749984629217,44.734367356250964,3392.419245325847,-21.581538705552124,147.4579140897598,14.590652249119064,12.822682426574143,0,3,1,0,1,0,0,0,1,0,1,1,0,0,0,3.34068191879434,143.0694505154624,10.384630533905788,1,4.349096132634827,0,0,130.72137972505388
SN_1478,2026-04-02 15:58:00,1,-12.428571428571429,0.42857142857142705,1,67.9379309089176,68.27970101054093,0.9102483452218322,1.1974604829360276,423.09047031494856,43.63832575154061,3211.701112771829,-24.048572991340052,110.36316376952217,13.28755700725073,12.335317256397309,3,0,0,0,0,1,0,0,0,1,2,1,1,0,2,3.316710211396027,142.11693501380608,12.403167962975237,1,5.089965155905669,0,3,53.83279227616248
SN_1479,2026-04-02 15:59:00,4,-11.571428571428571,0.42857142857142705,1,71.28599485177963,66.29736084005947,0.8982779662686141,1.1924613788630904,433.15524735851307,47.67017319742638,3003.833515227851,-20.722078944800334,153.23033230816725,16.927102740895062,12.180305051337504,0,1,0,0,0,1,0,0,1,0,1,0,0,0,0,3.2760097337906697,149.1853144627851,11.354190336153538,1,5.240637227324859,0,2,146.21648215145206
SN_1480,2026-04-02 16:00:00,4,-10.714285714285715,0.42857142857142705,1,68.79667412734894,62.869098007132386,0.9085015758927627,1.2038265355147748,473.9384290819942,43.17821575774175,3148.2343854771216,-22.183954674927616,131.63027081879548,16.5197905274695,11.04386429704146,0,1,1,0,0,0,0,0,1,1,1,1,0,0,0,3.216895788294571,140.6160302623288,11.867842679662234,1,5.289803675068966,0,1,84.61994789652603
SN_1481,2026-04-02 16:01:00,1,-9.857142857142858,0.42857142857142705,1,70.03940092347364,68.35865545772475,0.8901394116900792,1.2112493254530323,382.18468590473907,44.39939623709889,3206.60938511099,-25.414879089624375,128.8479920591937,14.487350469203282,11.40918165190857,1,1,1,0,0,0,1,0,1,4,0,0,0,0,1,3.4431309917408943,147.52770564918063,13.627837160351667,1,5.353433391870775,0,3,55.157210553775926
SN_1482,2026-04-02 16:02:00,4,-9.0,0.42857142857142705,1,68.37194473925749,59.56992984063226,0.8992655245371233,1.1825722802611895,446.2636076708753,49.19768385021348,2924.6346865734363,-19.580288668503073,127.62328284137313,13.705376567493863,13.245041008223257,0,0,1,0,0,0,1,0,1,0,2,0,2,1,1,3.2638473174474236,141.76973674109146,11.467466234905752,1,5.2859525058991235,0,1,102.12447672555382
SN_1483,2026-04-02 16:03:00,4,-8.142857142857142,0.42857142857142705,1,69.17832397057305,61.39731446995008,0.9106711586919825,1.2040943853064225,414.2292199593832,49.61742703743195,3408.299678015372,-23.346010973459805,124.76484361383966,18.306095096026436,11.948490806246072,0,0,1,0,0,0,0,3,0,0,1,0,1,1,1,3.3717678537117117,144.82336762083492,13.658512481845912,1,5.3596329270656256,0,2,148.32342666339966
SN_1484,2026-04-02 16:04:00,1,-7.2857142857142865,0.42857142857142705,1,71.06046676537088,61.14319971430702,0.9466936530156577,1.1972332822828085,438.0861549641619,49.71719463081098,3221.35668687657,-25.67024900794447,142.57740111122985,18.121165585910173,12.375359696144473,0,0,0,0,1,0,0,1,2,0,1,0,1,1,0,3.262939048544079,138.90138377403488,11.389554828898296,1,4.5595988345685585,0,0,163.26065900804838
SN_1485,2026-04-02 16:05:00,1,-6.428571428571429,0.42857142857142705,1,65.03320650209025,69.32022423655724,0.9121205428410311,1.2011339439196669,442.5294977742699,44.15362266919826,3257.2029251870426,-20.694173897539155,117.17775095101074,12.268814861940806,11.88481167122352,1,1,0,0,1,0,2,0,0,0,0,1,0,2,0,3.35446593673382,148.14150683752095,12.19635898523305,1,5.682836842238568,0,1,131.74192632881392
SN_1486,2026-04-02 16:06:00,3,-5.571428571428571,0.42857142857142705,1,64.9206058650501,68.7711540565603,0.8872790160295424,1.2045899400167428,441.0438905523123,48.69210871495341,3404.8289693789397,-19.844444829603113,134.14497017972624,15.312665456115248,10.816914484750235,1,0,1,0,1,0,0,0,0,0,0,0,0,0,2,3.3042761732608508,144.3998389103607,15.224725531203877,1,4.4077181564504695,0,0,24.809695623076188
SN_1487,2026-04-02 16:07:00,2,-4.714285714285715,0.42857142857142705,1,63.05728723084395,66.94922094817998,0.8936436047696594,1.1981179756122717,436.1934686971848,42.153141516693964,3105.478575478648,-24.06605052743912,125.38982001151629,18.496288082175848,12.933810426074997,0,0,0,0,0,1,0,0,0,2,0,0,0,0,1,3.302241183356552,147.22972114988502,12.182582986410395,1,5.185172244724659,0,2,43.39690950709768
SN_1488,2026-04-02 16:08:00,2,-3.8571428571428577,0.42857142857142705,1,61.99864447748145,69.28771946084719,0.8931987883742422,1.198964131465942,422.5714087592796,42.279291375833814,3286.1062896326043,-25.007300520751194,120.85439861783082,15.2859061633332,12.503232384532497,2,0,0,0,0,0,1,1,1,0,0,0,0,1,1,3.2338821025647597,144.28432401685242,11.88620536050995,1,4.659554213390058,0,2,34.983454047196666
SN_1489,2026-04-02 16:09:00,1,-3.0,0.42857142857142705,0,63.913586538897604,61.48286887035205,0.8730653524105498,1.1978612483244535,582.2977816704672,47.948632442126915,3183.5203815347095,-24.344749914907325,161.03170210820676,15.26408164896002,14.305636837367189,0,0,0,0,1,0,0,1,0,0,0,0,1,0,0,3.3422515526581607,147.11099163756597,12.209921086985773,1,4.141093133957672,0,3,38.5747789911194
SN_1490,2026-04-02 16:10:00,1,-2.142857142857144,0.42857142857142705,1,70.79731253402065,66.39438047944392,0.8950486471244785,1.2097031620178829,496.68655010403376,50.018604605695586,3172.386969947612,-22.5705365449646,135.02860881704152,15.575861008555947,10.984418620349455,0,0,0,0,0,0,2,1,0,1,0,1,1,0,0,3.4124098870460218,144.8155618922087,11.504625716505899,1,4.714945074499751,0,1,79.15703366684761
SN_1491,2026-04-02 16:11:00,4,-1.2857142857142865,0.42857142857142705,1,65.53606242254058,64.49930228646734,0.9109924362273262,1.204187599601275,420.94835449359294,42.408060452771764,3084.171141829343,-21.444286689938973,137.35918653593373,14.318654539347762,12.82257292120048,0,0,0,0,0,0,1,0,0,0,0,0,0,0,0,3.2172496494269653,147.96255619543405,10.497966633592279,1,4.940774971767275,0,2,72.7430373353224
SN_1492,2026-04-02 16:12:00,3,-0.4285714285714288,0.42857142857142705,1,72.56807232115548,68.38752841553966,0.8808865182138481,1.2022058353773735,489.5529187825892,44.62040226075882,3449.840482052979,-22.859025338272854,143.65332136802394,13.442836383657934,10.688456033962998,1,2,0,0,0,1,0,1,2,0,1,0,0,0,0,3.2334173258685115,147.13514456368017,15.08872228912876,1,5.693454417029838,0,0,40.37063730263665
SN_1493,2026-04-02 16:13:00,3,0.42857142857142705,0.42857142857142705,1,70.17356874376281,64.53910306979121,0.9157272397657589,1.1872904827890771,440.01336273817867,42.26902697421515,3143.6749939886645,-23.79655358305646,112.94380065617743,17.57882096610212,12.157346567673077,1,0,0,2,0,0,0,0,1,0,0,1,0,1,1,3.5355663699242768,145.78496951575397,11.390513658046483,1,5.909836285652772,1,2,151.04189063245187
SN_1494,2026-04-02 16:14:00,1,1.2857142857142847,0.42857142857142705,1,60.15747893280973,63.46022844635968,0.9073166223162651,1.1962142025678684,453.22968683329276,47.085495744990425,3304.919637034355,-21.003976459391144,151.02750290946437,13.235594640628486,12.976506589063165,0,0,2,1,0,0,1,0,0,1,0,1,1,1,0,3.2198718527450567,141.3994144752244,9.716283521684334,1,4.935179645377198,0,5,112.62157099185987
SN_1495,2026-04-02 16:15:00,4,2.1428571428571423,0.42857142857142705,1,73.27487792110846,67.16363407424396,0.8889865001704345,1.2089866916033918,448.4181510025771,43.87309901784798,2918.7488918792096,-24.625672946103045,99.89251385805909,16.370907178163133,9.927864883903514,0,1,0,0,0,0,0,0,0,0,1,0,1,0,0,3.2556338385745707,143.25043644459296,11.766890386041235,1,4.305485589698409,0,3,138.69071648972863
SN_1496,2026-04-02 16:16:00,4,3.0,0.42857142857142705,0,74.05399322795854,68.50467666876493,0.8978770554399323,1.200376965731239,508.50628396865085,51.08554932870115,3376.998279453468,-21.938161323266186,120.77480307953775,17.329869239136475,11.795067525758393,0,0,1,1,0,0,1,0,0,3,0,0,0,0,0,3.4106960309783547,141.91114969864577,12.535309969976836,1,4.346939620567623,0,0,77.50311199518205
SN_1497,2026-04-02 16:17:00,2,3.8571428571428577,0.42857142857142705,1,65.03068662582574,62.32661922061279,0.9239748271146155,1.2065953146958914,474.5963085901537,46.32498769255818,3357.831673393559,-24.576125596702557,124.4916199218532,13.823160551648263,11.436790265957379,1,0,0,1,0,0,1,0,0,0,2,0,1,1,0,3.413106079289103,150.71477846589283,11.688306593741713,1,5.385934656371171,0,0,83.07398634540978
SN_1498,2026-04-02 16:18:00,2,4.714285714285712,0.42857142857142705,1,72.10095771447496,64.75569731459049,0.911003217202588,1.2176651180032763,453.14716326441646,40.698809925569314,3214.6151165445954,-23.137954083978215,136.98068037964606,14.613597396107393,11.298042701704878,0,1,0,0,0,0,0,0,0,0,1,0,0,0,1,3.1057533538351167,148.1214353967844,11.9268838528732,1,5.354078627903913,0,3,69.73745431728884
SN_1499,2026-04-02 16:19:00,4,5.571428571428569,0.42857142857142705,1,65.71750881295401,60.76623746543339,0.9001317548234722,1.2103860606920882,438.08621441951897,42.487782824053525,3165.958630079311,-24.2271251295809,132.62461919369784,17.819768782587385,12.385212652259355,0,0,0,0,0,0,0,0,1,0,0,1,0,0,1,3.361234073116057,145.1509930367952,11.754145634962244,1,4.696316190938313,0,1,87.13343214218273
SN_1500,2026-04-02 16:20:00,2,6.428571428571427,0.42857142857142705,1,70.48835188374167,55.00775593002824,0.8964347502455853,1.2009315833769973,417.38526390498816,38.67933265612176,3260.0000008420348,-24.11170436530562,127.99822311161928,16.79933758034056,13.120685706422595,0,2,0,0,1,0,1,0,1,0,0,1,0,0,1,3.284399618807928,142.7514010836028,12.638305189044042,1,4.412886035108818,0,0,111.89432577912773
SN_1501,2026-04-02 16:21:00,1,7.285714285714285,0.42857142857142705,1,63.677507965225175,65.80183852565492,0.9011491360567749,1.1948901082980428,427.660124657022,40.72812566340718,3543.3185991320433,-24.75477303492442,129.85603186446733,15.074071439681669,11.866721284770845,0,0,1,0,1,0,0,1,0,0,0,0,3,1,0,3.2880516063175604,141.84091498234005,13.228466786901901,1,5.496137364719936,0,3,94.98969712899476
SN_1502,2026-04-02 16:22:00,4,8.142857142857142,0.42857142857142705,1,61.03446773732712,67.43562142501852,0.8923235466308654,1.174464504039441,408.9654971099476,45.53558750916143,2935.514495164477,-21.31029193763861,118.26372371772918,17.803373505041755,12.20548642756002,0,2,0,0,1,0,0,0,0,0,0,0,1,0,0,3.3932098866726035,145.48990064419363,11.711303994791859,1,4.386005408359704,0,0,144.66004889113682
SN_1503,2026-04-02 16:23:00,2,9.0,0.42857142857142705,1,68.08591405193516,66.0482672363469,0.8684287574142148,1.1983161507752715,450.30558871037925,39.106391885691224,3317.3041081361193,-25.46585207621707,112.03321126618992,17.809803585181452,12.114308753059248,0,1,0,0,0,1,1,0,0,1,0,0,0,0,1,3.2721459257782093,152.3728383482508,15.884469522503318,1,4.777843904581542,0,3,153.6200402798147
SN_1504,2026-04-02 16:24:00,3,9.857142857142854,0.42857142857142705,1,69.38135526862582,57.20175312898253,0.930632668658021,1.1967398750418314,420.0833601928901,40.55656282613485,3063.2574046769146,-25.480464505097416,138.71813946803272,16.40357903952356,12.001803506356413,0,0,0,2,0,1,0,0,0,1,0,2,0,0,0,3.259043970869361,145.0237219923914,13.561337465867162,1,5.236746217710014,0,0,91.63447488493429
SN_1505,2026-04-02 16:25:00,4,10.714285714285712,0.42857142857142705,1,68.01160153192698,63.5966022796941,0.902329874987991,1.2039036619439538,443.36098718703647,44.99289325160158,3197.0122405550405,-19.75801286830978,138.32447335043423,14.649759658189506,10.910657362287894,0,0,0,0,1,0,0,1,1,0,0,0,1,0,1,3.274277379364458,149.80768101199524,11.991815067280283,1,3.999547275772569,0,1,58.523709170205514
SN_1506,2026-04-02 16:26:00,4,11.57142857142857,0.42857142857142705,1,64.0798472088872,56.126608959795675,0.9059722089768381,1.198460947730253,484.2525463402593,43.36917931172084,3162.8179821382005,-22.044304870691338,149.0139325018847,15.379826944792306,13.108444601722892,1,1,0,1,0,0,1,1,0,0,0,0,0,0,0,3.2720717875008294,146.10265382693808,10.022348053253067,1,5.476674127618031,0,0,160.10770840214047
SN_1507,2026-04-02 16:27:00,3,12.428571428571427,0.42857142857142705,1,68.00050468934431,70.47880443061673,0.8991313837518464,1.196796149405632,479.98248932303966,50.97610990787793,3135.7522613303368,-28.770227397386073,120.5197948382175,16.429580115933085,12.295195368158836,0,0,1,0,0,0,0,0,0,1,0,1,1,0,0,3.32778856106055,147.25029668145942,12.171408989893024,0,6.190140685114335,0,4,129.84556459933287
SN_1508,2026-04-02 16:28:00,1,13.285714285714285,0.42857142857142705,1,71.34647376290367,60.655781671527656,0.8889732479891312,1.1822060106949277,449.19307764743456,50.501689638073124,3198.4302306420905,-25.130517478420806,138.31378252361108,15.717107756278768,12.394881490002577,1,0,0,0,0,0,2,0,0,1,0,1,2,0,0,3.405866394107521,143.09633077335928,13.220828473069304,1,5.056944410932415,0,0,116.17830039175871
SN_1509,2026-04-02 16:29:00,3,14.142857142857142,0.42857142857142705,0,69.77553484938731,70.02161443783959,0.8972111327857685,1.1906003217084993,522.8228818464213,52.39623261174654,3029.8743282083315,-27.623978675124107,126.59551925962322,17.408435767352277,11.193490370974418,1,1,1,1,0,0,2,0,0,1,1,3,1,0,0,3.334204144088748,144.21172998955814,13.232325259770354,1,4.982673694818169,0,0,131.33957764185254
SN_1510,2026-04-02 16:30:00,4,-14.142857142857142,1.2857142857142847,0,70.91250515299606,68.78347857473658,0.8760090785670853,1.2047665104080054,571.9968637355253,56.67141285521045,3354.377065419195,-25.90138138683051,144.2856998223218,13.705338879835995,11.54077960201076,2,1,1,0,0,1,0,0,0,1,0,0,0,0,0,3.2989708494426675,141.67677638060508,9.22100951404147,1,5.022162717182735,0,1,34.941376665156895
SN_1511,2026-04-02 16:31:00,1,-13.285714285714286,1.2857142857142847,0,66.64942399772883,61.39763858985575,0.9341562974707995,1.217159076311327,538.0189030089678,57.24784767063835,2930.87847332021,-30.27702933246808,142.2635533201377,13.758604706400643,11.823865802289221,0,0,0,0,0,0,1,0,1,1,0,0,1,0,1,3.3437111011447405,146.2183346923206,12.173042364199842,1,5.11242469435265,0,1,33.73819117982484
SN_1512,2026-04-02 16:32:00,2,-12.428571428571429,1.2857142857142847,0,75.8585895735808,60.46886019492902,0.8814823200236641,1.1990247461625436,516.8048385030869,53.20756342592679,3280.9646769242513,-24.273979155387885,132.53451279069347,16.271306667223648,10.465875306551148,0,0,0,0,0,0,0,1,1,0,0,1,0,0,0,3.3624156904959634,144.0263089897842,11.279119956133153,1,4.635013302461643,0,1,46.049373971662185
SN_1513,2026-04-02 16:33:00,2,-11.571428571428571,1.2857142857142847,1,64.1191333172261,66.40148086554535,0.8845205057422924,1.203278110735741,414.3495470719887,40.51337539050539,3151.0196221198144,-26.283883638322624,125.92563812000816,15.262683379289642,10.311965674802321,0,0,2,0,1,1,0,1,0,1,0,0,0,0,0,3.3462408284124203,146.43954226626428,14.24579425314772,1,4.437833670720258,0,1,45.23293931143667
SN_1514,2026-04-02 16:34:00,2,-10.714285714285715,1.2857142857142847,1,72.4378014854336,61.622703851267715,0.893396111934204,1.209524781569528,459.84683045411856,44.96310465207583,3024.361265928882,-23.880189486407122,141.53118614329912,15.059427077953389,11.399252069361433,0,0,0,0,0,0,0,3,1,0,0,0,0,0,0,3.2466156049698474,141.05916048551694,12.185518906792678,1,4.823445423783279,0,2,84.57654837831424
SN_1515,2026-04-02 16:35:00,4,-9.857142857142858,1.2857142857142847,1,75.9094554647998,65.40993856863282,0.9193211358727856,1.1918910606379975,470.73309431457153,44.48146297555767,3230.357505589804,-27.25024251776505,137.7628542790788,13.347914921238404,12.52252076644239,1,0,1,0,1,1,0,1,0,1,1,0,0,1,0,3.3339683606756796,146.8229104579842,8.5736860360706,1,5.076800959932662,0,1,46.66618784909244
SN_1516,2026-04-02 16:36:00,3,-9.0,1.2857142857142847,1,72.40454046374448,63.068689636772326,0.9002176349889398,1.2036681404328544,434.2087118871589,43.69270650908814,2966.457336994028,-23.83417629365592,121.7867151749658,16.02931876719727,11.346862610070058,0,0,0,0,0,0,0,0,1,0,0,1,0,0,3,3.130435853148849,145.67561156971647,12.552490497981967,1,4.500794779981675,0,3,147.0516927743899
SN_1517,2026-04-02 16:37:00,1,-8.142857142857142,1.2857142857142847,1,68.98737886467585,57.87536634213747,0.881457963059543,1.1925950989366785,457.28006887845083,46.326950604493454,3205.957073257945,-24.829832556240653,114.06641591824683,15.920867337998851,10.981194802409286,1,1,0,0,1,0,0,1,0,0,0,0,1,0,2,3.4227137155592544,145.54747847176714,9.07517813648615,1,4.326695686555297,0,0,107.24595805363572
SN_1518,2026-04-02 16:38:00,2,-7.2857142857142865,1.2857142857142847,1,67.3585147666851,56.078127923502166,0.9188150754113601,1.20864824438491,440.91066762712427,42.747811178983206,2986.568463828267,-20.99609406962281,126.53760519181844,16.98021847292761,11.185314346762329,1,0,0,2,0,3,1,1,1,1,1,0,1,0,0,3.4224864981293774,146.55750319949945,12.675173761372797,1,4.779789936212828,0,0,77.0297130744362
SN_1519,2026-04-02 16:39:00,1,-6.428571428571429,1.2857142857142847,1,75.18043825523128,65.90673699397838,0.9109650094017823,1.2015140304795173,445.39919002002495,41.54400735726257,3269.1908126476746,-21.17728627650875,148.1849657841785,16.103359199681456,11.544657576854688,0,0,1,0,2,1,0,0,0,0,0,0,0,1,0,3.371152082387555,144.0495964703855,15.88079736425815,1,4.333294306931581,0,0,34.02564550443846
SN_1520,2026-04-02 16:40:00,4,-5.571428571428571,1.2857142857142847,1,62.885125373691636,62.7537690146775,0.9080765243582468,1.2029845181398144,387.8044485609417,45.327248911049494,3061.3463999554438,-22.429308793979434,143.75784590479645,15.801093882639256,11.646141037179897,0,0,0,0,0,0,0,1,0,1,0,1,0,0,0,3.399674756664829,160.22686946447837,14.040519232575896,1,5.335898472593124,0,1,109.10800261811401
SN_1521,2026-04-02 16:41:00,2,-4.714285714285715,1.2857142857142847,1,65.14937869810178,62.78764073234347,0.9107360136175626,1.1921740140258141,444.4554649070966,46.15791027770663,3132.3508974456036,-24.653227561322424,116.65207036395303,17.765500955185505,14.165521452206557,0,0,0,0,0,0,0,0,1,2,1,0,1,0,1,3.294067038969113,146.87378293151522,12.388241840058031,1,3.2792103764074088,0,2,40.78072616526619
SN_1522,2026-04-02 16:42:00,4,-3.8571428571428577,1.2857142857142847,1,68.0122111725414,67.78345535637514,0.9359154285087368,1.2070703235961078,474.23423256020135,41.47006516829984,3244.0924081914745,-20.029239209479414,115.98691100920095,14.031299044827175,13.054620628487319,0,1,0,1,0,0,0,0,0,0,0,0,0,2,0,3.239961073997075,145.4204479084815,11.010809432213115,1,4.415933037903823,0,0,131.0237160579753
SN_1523,2026-04-02 16:43:00,3,-3.0,1.2857142857142847,1,76.18826878755999,69.69376910652979,0.9327764234255417,1.2208471292123102,434.21493611083605,47.784271832973246,3084.1186832236644,-27.10607055567964,145.29620619615383,16.804583828271365,13.024774112281728,2,1,0,1,0,0,2,0,0,0,0,0,1,1,0,3.1996877792700733,147.96789681132742,13.911247920889945,1,5.706764902547923,0,0,139.59716593111028
SN_1524,2026-04-02 16:44:00,4,-2.142857142857144,1.2857142857142847,1,71.89883818020448,63.90982111455276,0.8896992698549506,1.189920883045718,451.31315920538293,39.688556586671766,3191.3054000497546,-26.807117259127324,116.37236914290605,13.493279252806976,13.168580364273382,0,0,0,1,0,0,0,0,1,2,0,0,0,0,0,3.3806510079527654,142.91496122940083,12.953835599599403,1,4.889140753094108,0,1,102.33258114621712
SN_1525,2026-04-02 16:45:00,4,-1.2857142857142865,1.2857142857142847,1,65.15977120744877,63.63760517236055,0.9243582748921673,1.1966024099235246,431.101232332702,43.26565962385307,2972.925424813272,-24.16756619977813,136.1115438837041,14.74245717999879,11.00117913066595,0,0,0,0,2,1,0,0,1,0,3,0,0,0,0,3.239950806079346,142.78251733526918,11.599739187269044,1,5.091964663135799,0,0,45.542811716283474
SN_1526,2026-04-02 16:46:00,3,-0.4285714285714288,1.2857142857142847,1,68.44846147307548,67.00057213245553,0.9057475228463835,1.2023160747416808,459.01104190731934,44.22597439140717,3294.6313405394235,-19.491923782157762,122.60714541596411,14.18101430106503,10.777635385012761,0,0,1,0,0,0,0,0,0,0,0,1,1,0,1,3.2700990280025786,148.2014747211693,11.191860561763558,1,4.935540145996905,0,0,137.30823221862704
SN_1527,2026-04-02 16:47:00,1,0.42857142857142705,1.2857142857142847,1,66.92838427951853,59.5722577212017,0.9074864372420662,1.2078640621199581,444.58692006159566,43.09132886204421,3464.7370708326157,-24.404677813740175,149.4045390942602,17.172913803177877,10.893129708465944,0,0,0,2,0,1,0,1,2,0,0,3,0,0,1,3.3179310481231226,148.55657211026949,10.639891555044546,1,4.686340839773478,0,1,68.32720165334409
SN_1528,2026-04-02 16:48:00,3,1.2857142857142847,1.2857142857142847,0,66.45105503883232,65.89261221899079,0.87461593752535,1.1944045371471053,501.5189614829498,53.304818579346424,3618.831330186494,-24.366490486418563,120.75490241034545,15.90188464960691,13.334506133337838,0,0,0,0,0,0,1,0,0,1,2,0,0,1,0,3.2970024088467973,149.767004502232,12.562025927143733,1,5.547596549792765,0,0,56.062052556498216
SN_1529,2026-04-02 16:49:00,3,2.1428571428571423,1.2857142857142847,0,74.8944477927839,67.20754388728862,0.8974442135191771,1.1716696970985725,558.3137866916281,60.613223446924344,3213.6752219999657,-26.883820712223617,143.72033836246993,15.979745133110535,11.452808211117508,0,0,1,0,0,1,0,3,1,0,0,0,1,0,0,3.321181822639231,139.29932375448632,11.37485508416751,1,4.7140691922033975,0,1,91.76015630665324
SN_1530,2026-04-02 16:50:00,4,3.0,1.2857142857142847,1,63.14128435368247,67.72092083367052,0.8878076461449516,1.2135918949416402,473.22330033830536,42.4473477328833,3318.230621119578,-22.108140829459245,132.2183038487244,14.339900518405823,10.748643817760714,0,1,1,0,1,1,1,1,0,0,0,1,0,0,1,3.155350614366394,144.49444378553412,12.251771754116675,1,4.585759220106494,0,1,156.86105875914018
SN_1531,2026-04-02 16:51:00,1,3.8571428571428577,1.2857142857142847,0,78.04390427867187,57.25298918999014,0.9124208822233997,1.2076050611958413,509.87733090179563,62.32366516741574,2932.9061490638765,-22.093647491341294,133.02633825081145,15.550459756100667,11.569003799780187,0,0,1,0,1,1,2,1,0,1,1,0,0,0,0,3.2813202919018587,146.31852331278117,13.391651836557264,1,5.328380989186256,1,1,66.82175405873141
SN_1532,2026-04-02 16:52:00,2,4.714285714285712,1.2857142857142847,1,74.14114845092311,61.954578920764234,0.9160662075060421,1.1825705246951332,462.4447077354444,46.31138033919316,3425.410148945838,-22.42184959720018,106.35629702378318,14.854802045036333,11.761394468285372,2,0,0,0,0,0,0,0,1,0,0,0,0,0,0,3.3659330653479587,147.88125770069772,11.337437443783315,1,4.03467388263274,0,1,154.40330414005732
SN_1533,2026-04-02 16:53:00,3,5.571428571428569,1.2857142857142847,0,75.45430835301849,61.48694698870614,0.8688827047347554,1.1939243120822043,538.4353000705096,55.27616541193598,3316.434275708616,-25.258441345694724,103.56503976153138,16.575182522281324,12.268413273694563,0,1,2,0,0,0,2,0,1,0,0,0,1,0,1,3.265454615226912,147.10633191665207,12.967649664301248,1,4.857288239522392,0,4,31.726076458535214
SN_1534,2026-04-02 16:54:00,1,6.428571428571427,1.2857142857142847,1,67.68530243987371,65.39954781763686,0.8996694770399359,1.2156818242952732,466.0575308752794,46.428721060163,3127.409983257315,-25.413413536746013,127.35320871679224,14.513363297002579,12.250951020712042,0,0,0,1,0,0,0,0,0,2,0,0,1,0,0,3.2310269267276768,141.59568952929672,13.833493808328603,1,4.740521458678261,0,0,36.02741352258434
SN_1535,2026-04-02 16:55:00,3,7.285714285714285,1.2857142857142847,1,69.25029640460446,66.92297831907193,0.9168279225719138,1.2144779641845787,407.6436026001231,52.58978324775586,3385.5771200433514,-26.58624450080994,132.96287276099935,17.994691547807612,11.171819436126492,0,1,0,0,1,0,0,1,0,0,3,0,1,0,0,3.3763835839852008,147.0590275910553,12.592770929360034,1,4.847922675439399,1,0,124.59278761947556
SN_1536,2026-04-02 16:56:00,3,8.142857142857142,1.2857142857142847,1,62.83424092737644,70.98684162978392,0.8971998155652984,1.2093864002267893,475.1651635258157,42.01922098820565,3161.8285885031987,-23.832254996478135,116.49762606714732,13.486629325563857,12.68565639251371,0,0,1,0,0,2,0,0,0,0,0,0,1,0,0,3.266059862831033,146.2849419035777,13.049349922277315,1,4.755808115222296,0,0,51.44534324853728
SN_1537,2026-04-02 16:57:00,3,9.0,1.2857142857142847,1,67.37668796466599,63.02013807852771,0.9109359546750355,1.1982388756604014,435.7575259268567,41.63874624319083,3131.2962225478163,-26.160814658557005,116.9356790742839,14.790220251315159,11.360806466249842,1,0,0,1,0,1,0,0,0,0,0,1,1,0,2,3.314759110688158,146.27406115512272,12.603959246727019,1,5.187543785866923,0,1,69.59337838031405
SN_1538,2026-04-02 16:58:00,3,9.857142857142854,1.2857142857142847,1,72.46827423821576,63.00971000676314,0.9052674820144063,1.2008298741881251,441.0543016639683,42.73540141028424,3271.3002388141235,-26.354833010498577,136.7376715579136,18.515800764949145,11.843723663294957,0,0,0,1,0,0,0,0,0,0,0,1,1,0,2,3.2831644892448204,140.61423342423595,12.024393052033671,1,5.549843110019982,0,0,43.63770926120338
SN_1539,2026-04-02 16:59:00,4,10.714285714285712,1.2857142857142847,1,76.48031530890698,69.59868807551499,0.9051249034792894,1.1986907419487387,515.947043806505,45.09642944089368,3040.4968250254524,-24.84738143382135,136.75425376548557,15.347291878056948,12.686774070503356,0,0,1,2,2,0,0,3,0,0,1,0,2,0,1,3.299965309726511,141.262137320659,13.25570750657718,1,5.229668462392824,0,1,71.84375075508696
SN_1540,2026-04-02 17:00:00,1,11.57142857142857,1.2857142857142847,1,64.46421591598774,66.18630775412122,0.8959302753289755,1.2112823978326883,457.5468345180253,39.822686625562284,3353.2437146599923,-24.978312350368434,128.34710727534488,14.027682003393382,11.358178596055659,2,0,0,1,0,0,0,0,0,0,0,0,1,0,0,3.422368823533167,152.24892264884946,14.413821216951,1,4.8315431910661575,0,3,64.38623912051472
SN_1541,2026-04-02 17:01:00,1,12.428571428571427,1.2857142857142847,1,68.17247031507367,70.0706060447519,0.8817512879379644,1.1912415759350488,440.3419381138206,45.06701771795582,3041.6015282109734,-25.07595705764391,139.3624206542329,16.328607343806503,11.430648576418863,0,0,1,0,0,1,0,0,1,1,0,0,0,0,1,3.345754861568085,148.94445016574585,13.282487110834097,1,5.315716712603597,0,1,130.03262001441362
SN_1542,2026-04-02 17:02:00,1,13.285714285714285,1.2857142857142847,0,69.24350389883739,66.15491201203935,0.8831770477886246,1.1919420034511579,469.86764068110233,60.080641400241014,3042.491781526522,-23.067110806319477,115.90957245135824,15.286911636678187,12.591668049693132,0,0,0,0,0,0,0,0,0,0,0,0,2,0,0,3.202257199082826,144.74811979889066,11.709570822458845,1,5.3742956491252825,0,0,125.09136789922232
SN_1543,2026-04-02 17:03:00,3,14.142857142857142,1.2857142857142847,0,63.021053989037576,60.371533525146916,0.9106402877168298,1.2101027458683602,559.7441033486589,55.454222171874335,3063.5465317387498,-23.84190439569944,125.72878099495635,14.746194616572541,11.14226682339498,0,0,0,0,0,1,0,0,0,0,2,0,0,2,1,3.2702334233810495,144.81644739702938,11.748805972603433,1,5.180464361495073,0,2,161.50951340568463
SN_1544,2026-04-02 17:04:00,4,-14.142857142857142,2.1428571428571423,1,72.956746208792,59.66748658088878,0.9002918738327833,1.1995563854448843,416.3697582297849,44.121943623074166,3313.925005627418,-24.576312061022236,149.77453126940406,14.356193783801924,11.61520797639593,0,1,0,1,0,1,0,1,0,0,0,1,0,0,1,3.2669909725970534,153.89132765940533,11.804915795344284,1,5.52432494723677,0,3,128.31672266491788
SN_1545,2026-04-02 17:05:00,3,-13.285714285714286,2.1428571428571423,1,66.38004834128695,58.793951003764285,0.8979223163308917,1.2137846735545381,424.91402741251244,43.14551865394912,3107.483695772044,-23.633974143377035,130.81986555927782,20.152560408438916,12.555742178042893,0,0,0,0,1,0,0,0,1,0,1,0,0,1,1,3.317309718894333,145.18133407064747,13.421141358470768,1,3.826302176793307,0,1,124.05375643507944
SN_1546,2026-04-02 17:06:00,3,-12.428571428571429,2.1428571428571423,1,69.02304824411488,67.64820733903389,0.8936416493651648,1.1932848779301946,441.7161925228038,47.69553511365469,2997.8006323449245,-25.983054082209264,131.515750175044,15.622672149723796,14.054092441435975,0,1,0,0,0,0,1,0,1,0,0,0,0,0,0,3.3727026663824105,144.5328396350681,11.210640488449444,1,5.013382198876119,0,1,123.96536002502185
SN_1547,2026-04-02 17:07:00,1,-11.571428571428571,2.1428571428571423,1,67.74025314044061,69.75438729234803,0.8954221673177888,1.1994522163966117,485.41029479250733,42.522501680285856,3109.1480000096303,-23.789442752180644,157.67135903161287,13.111648959500684,12.605404504762747,0,1,0,0,1,0,0,0,0,1,0,0,0,0,0,3.302547004726843,141.82636539586872,10.463442204468844,1,5.1539267218133515,0,2,151.14731361333736
SN_1548,2026-04-02 17:08:00,3,-10.714285714285715,2.1428571428571423,1,66.05330747140162,72.39744856554552,0.9157036769173221,1.1907758701515605,469.330999666644,50.53918776179774,3195.193644397927,-23.698795014310733,113.20789400981475,18.240564638508303,12.472639762990012,0,1,0,0,0,3,1,1,1,1,0,0,0,1,0,3.3001969428370423,144.0653432087785,12.703385093831779,1,4.259382144179518,0,1,66.65808953407921
SN_1549,2026-04-02 17:09:00,2,-9.857142857142858,2.1428571428571423,1,69.96477507259722,68.37242132929296,0.8949713387719797,1.2000736268142356,446.0540622539935,50.800079243143074,3022.8541274503423,-27.00609371871496,139.55716439970533,16.916606357665856,12.53080158367273,1,0,0,0,0,2,1,0,0,1,0,0,0,0,0,3.1214756623688507,138.2686252192638,12.032464442013262,1,5.110385609210849,0,0,67.21326372390782
SN_1550,2026-04-02 17:10:00,3,-9.0,2.1428571428571423,1,68.92195210715988,69.65135431013994,0.8798840293004765,1.185214530630012,457.70730159097053,45.77025239598536,3027.2478336448485,-22.008612491259274,149.9678353576972,14.850300353470319,10.926809725932952,1,0,0,1,0,0,1,0,0,1,1,1,0,0,0,3.405923585132971,147.08317199380014,14.221974772588112,1,5.4574753292696245,0,4,130.73478859751089
SN_1551,2026-04-02 17:11:00,2,-8.142857142857142,2.1428571428571423,1,68.14071058860667,62.67993466938526,0.9111547766331026,1.1951236657904503,434.9903576782224,44.96545473577007,3516.694450114938,-25.762867410453993,126.10170488201744,14.600321366970787,12.115596738679908,0,1,1,0,0,1,2,2,0,0,0,1,0,0,3,3.2865706350415107,150.0370359873722,8.615035430521516,1,4.888062624409317,0,2,56.93353974961835
SN_1552,2026-04-02 17:12:00,3,-7.2857142857142865,2.1428571428571423,1,66.35769189159828,60.37433673302457,0.8969268500420292,1.1856374613507188,453.49134223913376,48.09197942472468,3070.915189427917,-23.81938040158713,140.31556944225815,17.010209194237348,11.970233511663599,0,0,2,1,0,1,0,0,0,0,0,1,0,0,1,3.320691293536186,150.08159260254865,12.312127296383604,1,5.328269691068013,0,2,155.33088059730767
SN_1553,2026-04-02 17:13:00,4,-6.428571428571429,2.1428571428571423,1,71.59762335391477,68.40031732967022,0.9004709379829917,1.2069392323319126,451.8334186194534,48.284395506681975,3151.543644684049,-21.67117651892946,118.21576603346914,15.629622508765818,12.321584540372756,0,0,1,0,1,1,0,0,0,3,0,1,1,0,0,3.320502370183315,142.19016587070445,11.394409001007059,1,5.511376664335324,0,1,101.0085684125116
SN_1554,2026-04-02 17:14:00,4,-5.571428571428571,2.1428571428571423,1,78.26808634246143,66.67072300895761,0.9241136745959927,1.2071658933975964,474.2192473920338,42.58202480682176,3144.914449880107,-22.14864648457226,121.75921125319178,13.111033272332348,12.11650805247587,0,0,1,0,1,0,0,0,1,0,0,0,2,0,1,3.2384617121222328,135.82124847346208,13.215418680451966,1,5.6712318860813244,0,1,67.21798964536777
SN_1555,2026-04-02 17:15:00,1,-4.714285714285715,2.1428571428571423,1,70.69943616419563,65.42977749736357,0.8996915916397424,1.1826973726951564,474.17945306097374,43.4203346005899,3136.796478834434,-23.931333222862328,134.61959699257162,18.680859946907002,12.379699677417113,0,1,1,0,1,1,0,3,1,2,0,0,0,1,0,3.280487380603288,146.357098846018,11.580010396788271,1,5.581076940427764,0,2,135.75838987535747
SN_1556,2026-04-02 17:16:00,3,-3.8571428571428577,2.1428571428571423,1,74.98059107455565,66.54948592253196,0.9043377550967809,1.2133388574550057,462.3494345551411,41.03295769595012,3293.2020109953655,-24.72499800576414,139.58280007732708,15.349014306676064,11.688532805100799,0,0,1,1,1,0,1,1,0,0,0,2,0,1,0,3.237832547722466,150.2748253988599,11.135924308859089,1,5.682803383125343,0,2,68.97417070204264
SN_1557,2026-04-02 17:17:00,2,-3.0,2.1428571428571423,1,63.048890374232684,66.29274192983283,0.8823161476305251,1.2249741512641985,440.94131106134745,46.22719481500217,3342.2214425708075,-22.104976182848866,143.45123814887495,18.24335760472364,12.058608917371792,0,1,1,0,0,0,0,1,0,0,0,0,0,0,1,3.410666379883868,138.58344423116947,13.403820109316358,1,4.750226232225396,0,1,162.71207765834953
SN_1558,2026-04-02 17:18:00,2,-2.142857142857144,2.1428571428571423,1,70.78880719646885,70.13526743941425,0.8967049582147356,1.2004600638673633,468.54555735975316,46.99988365037067,3154.1068352702614,-22.65061004438276,148.8355430432739,17.917652436948572,10.772171433943008,1,1,0,0,0,0,1,0,0,1,0,0,0,0,0,3.122091755010301,143.50558144836174,13.918479623490981,1,4.804933823944159,1,2,165.5504462003978
SN_1559,2026-04-02 17:19:00,3,-1.2857142857142865,2.1428571428571423,1,64.51315840514467,70.17994233926782,0.909142890678129,1.1935888573977536,447.7007883449238,40.95022308641618,3014.5282570111476,-25.23673004008826,129.1906412973378,14.498485683275778,11.680092721997086,0,2,0,0,1,2,0,0,0,1,0,0,0,1,0,3.2237341234610764,146.42965848116964,11.853478955308175,1,3.763277053165908,0,0,120.01865884313224
SN_1560,2026-04-02 17:20:00,2,-0.4285714285714288,2.1428571428571423,0,62.615375362340494,67.17688140936139,0.8766693939923814,1.2282433059100304,497.9521407821717,53.63440328555152,3391.1660341773354,-25.58978729400338,144.32334106207105,17.54978479654472,13.390833548176644,0,0,0,2,0,0,1,0,1,1,0,0,0,1,2,3.2742344140117083,141.63575258398905,11.882250891754591,1,4.467415967134152,0,1,40.36328012403301
SN_1561,2026-04-02 17:21:00,4,0.42857142857142705,2.1428571428571423,1,66.30314296270481,68.38321149025171,0.9030126763967357,1.1868103150169749,439.91780520222653,40.95823824725595,3185.698836320498,-28.144710363391997,125.89234187861021,15.022836175204478,12.318808339628255,1,0,0,0,0,0,0,0,1,1,0,0,0,0,0,3.419799657273076,138.0873707215898,13.90587090788299,1,5.609224530059569,0,0,61.90207439039412
SN_1562,2026-04-02 17:22:00,2,1.2857142857142847,2.1428571428571423,1,75.95949667206787,67.0562502096991,0.9015118660896722,1.200201064668691,452.1131745946081,42.30360056926849,3459.548272228575,-23.691936316632827,140.8250957390592,13.199949119794088,11.979078962616923,1,0,1,0,1,1,1,1,0,0,0,1,1,0,1,3.3566253056510518,142.0251480088536,13.738263235498087,1,4.69757174633593,0,1,98.22004255911197
SN_1563,2026-04-02 17:23:00,1,2.1428571428571423,2.1428571428571423,1,74.75007914334823,63.15532107186152,0.9006193118338116,1.2017962227263193,472.75539459161865,46.6530511806789,2863.1621153652254,-24.165395490036797,132.48986557422617,15.363102750966787,13.896123276254347,0,0,1,0,2,0,0,0,0,0,0,1,1,1,0,3.168956777044569,142.72365867807864,13.547138531466222,1,5.198794186425599,0,0,146.60843281410934
SN_1564,2026-04-02 17:24:00,4,3.0,2.1428571428571423,1,71.215023610272,68.02625869965256,0.9155573834798737,1.213451476204524,445.4117956960712,42.79955379996516,3229.310483192498,-21.727617250714914,135.3481348849831,16.596456252664417,10.63916502169892,0,0,1,0,0,0,0,0,0,1,2,1,0,0,0,3.290759245509987,137.45535462891849,11.395903681629418,1,5.12036330472839,0,2,50.62365555965212
SN_1565,2026-04-02 17:25:00,4,3.8571428571428577,2.1428571428571423,1,62.33649720055035,59.42201972456295,0.9050165777227278,1.2035973897512677,419.77003221900986,44.097522131903105,3487.790950081431,-23.281889813039268,135.08209448826446,15.305895028005493,10.89054444455378,0,1,0,0,1,0,0,0,0,0,1,0,0,2,1,3.35770648066094,149.28617588068252,11.012297022096844,1,5.620343082571671,0,2,39.034098098006254
SN_1566,2026-04-02 17:26:00,4,4.714285714285712,2.1428571428571423,1,69.01859674306031,69.21556620918354,0.9221710784753466,1.1950136610421154,451.41854208242046,40.11806481615805,3147.0103796842764,-21.331541611654618,110.74353988242626,15.539427488612347,13.712711411276272,1,0,1,0,0,0,0,1,2,1,0,1,1,0,0,3.478152251139824,151.21566166182203,14.454965587211085,1,3.9898088648508763,0,0,34.72475757922112
SN_1567,2026-04-02 17:27:00,3,5.571428571428569,2.1428571428571423,1,71.50850004450868,60.22190824093586,0.8850961572660895,1.1904881562961205,452.83640100141383,45.560970629173994,3166.1759864998044,-25.394728455832343,116.51053769367073,17.71534906739292,12.045960936048933,0,0,0,1,3,1,0,0,0,0,0,0,0,0,0,3.272820171025535,145.1182274430121,12.914566133455066,1,5.176315047421371,0,1,97.00332897984676
SN_1568,2026-04-02 17:28:00,3,6.428571428571427,2.1428571428571423,1,70.87768114789299,66.14321314717893,0.9020388685082752,1.1965817817975386,454.6459407225688,44.86718004046605,3244.326753738551,-21.723699338064762,131.23049727781026,16.159740970435138,11.757416963710206,1,0,0,0,0,0,1,2,2,0,0,0,1,1,0,3.2052449545757526,147.91794862362678,10.887782730380904,1,5.168183696383429,0,2,151.3969396216376
SN_1569,2026-04-02 17:29:00,4,7.285714285714285,2.1428571428571423,1,60.78103208259627,61.61938416629536,0.9012670017958493,1.1899307263905485,472.99678789886076,42.813122249900516,3116.1806271672563,-25.05783275820931,109.75265104430598,14.73505253307257,10.800795674904357,0,1,0,0,0,2,1,1,1,1,0,0,0,1,0,3.3257894615223544,139.08324320567618,11.840463003855303,1,4.571101263680498,0,2,30.099730940720498
SN_1570,2026-04-02 17:30:00,3,8.142857142857142,2.1428571428571423,1,65.54841075990063,67.21355593229771,0.8839611825936738,1.2004782531978468,475.47308100224745,44.43295710695258,3153.1892101920903,-22.444807876415457,139.97453323839707,17.05304548550099,12.447696266395011,0,0,0,0,0,2,1,1,0,0,0,2,2,0,0,3.296537151609631,144.4336868532582,12.127458092391581,1,5.4801233912327065,0,0,54.57430089506898
SN_1571,2026-04-02 17:31:00,2,9.0,2.1428571428571423,1,69.67961117925641,64.86429909628836,0.9143444250313703,1.1943580382013952,435.14472819045835,45.54088464151033,3149.3277358712894,-26.917516785061387,140.4586715954577,16.29651335043137,12.544459869527461,0,0,1,0,0,0,0,1,0,2,1,1,0,0,0,3.337064693695089,142.6843818463987,11.841531178797482,1,4.300482351704721,0,1,123.82901028088824
SN_1572,2026-04-02 17:32:00,3,9.857142857142854,2.1428571428571423,1,72.68145454758594,58.62097616734667,0.9348700995877923,1.1850596220671024,434.5964135487764,42.555395553271964,3105.886889836044,-23.529729401267623,133.9260466345335,12.217592797806937,10.905505639165103,0,0,0,0,0,0,0,0,0,2,0,1,2,0,0,3.3552379947869864,146.64622959530604,11.561612961689812,1,5.532267923615196,0,0,142.92433466069502
SN_1573,2026-04-02 17:33:00,3,10.714285714285712,2.1428571428571423,1,59.01936089450027,66.68279852407392,0.8997449088827426,1.212551457883749,423.99503222611315,40.57121236799466,3384.328482530084,-27.96937588289182,116.54639184690494,16.642529370657172,11.859724414449571,0,0,0,0,0,1,2,0,0,1,0,1,1,1,0,3.3255945353710263,134.2079392005117,13.845902668898127,1,3.9221571201923093,0,1,140.26553221908043
SN_1574,2026-04-02 17:34:00,4,11.57142857142857,2.1428571428571423,1,69.18938012260071,62.68831689266916,0.9075753163241065,1.1950232747657095,467.4703917570119,50.41672329806045,3269.1617048444655,-24.53427497188351,146.56166726642218,16.58774306157415,11.664484167966934,1,1,0,0,1,0,0,0,0,0,0,1,0,0,1,3.342255737893385,143.78371802196077,12.792606201885473,1,4.547539871590759,0,1,137.04980025412766
SN_1575,2026-04-02 17:35:00,1,12.428571428571427,2.1428571428571423,1,70.71524384939477,68.52458688325348,0.9012677771372299,1.187318631950247,486.2205027084429,43.10018188586918,3237.5942348154954,-23.119292012244173,154.4465276766203,16.03018169437129,12.255977146418772,1,0,0,1,1,0,0,1,1,0,3,1,0,1,0,3.4308547989089337,147.5136031841899,15.379967905293258,1,4.930056028661005,0,4,42.691171317120954
SN_1576,2026-04-02 17:36:00,1,13.285714285714285,2.1428571428571423,1,74.24805994258107,65.00530275493763,0.8892962299513923,1.1983174086551245,442.12295180227693,44.70971969043933,3321.2856510335173,-25.041937102462192,131.7649219293517,17.337550871604364,10.880749757779355,0,0,2,1,0,1,5,0,1,1,0,2,0,0,0,3.276715325577008,145.95279007580396,13.928075784786433,1,5.108829897232295,0,1,81.20221183434026
SN_1577,2026-04-02 17:37:00,1,14.142857142857142,2.1428571428571423,1,73.46428792118718,66.58168394155216,0.8726885958329698,1.2006837156596766,443.9642358818752,48.03251920506094,3160.34662501948,-26.100875257511934,136.12642454141485,14.991409623510247,13.251947454513157,1,1,1,0,1,0,1,0,0,1,0,0,0,1,0,3.2020455278232967,148.1316279796129,12.204467380743166,1,4.065958125815541,0,1,165.8032314477715
SN_1578,2026-04-02 17:38:00,2,-14.142857142857142,3.0,1,72.91285659404403,61.16972417993915,0.8894133977535695,1.1825353327442096,486.6695639224744,55.58716556271145,3083.869427247065,-22.30776306140813,132.42086385755252,16.504749683231353,12.915823781597604,2,0,1,1,0,0,1,0,0,0,0,0,0,1,0,3.325118060038731,142.60649767291778,14.125660636342644,1,5.5214546977924455,0,2,166.3998103086847
SN_1579,2026-04-02 17:39:00,3,-13.285714285714286,3.0,1,66.00029746649032,62.642671074290554,0.879120624285724,1.2033164766712576,462.6389463303752,41.266540650333404,3109.606354307816,-24.20692557969385,136.3644302679856,13.649560943248972,11.636824441267184,0,0,1,0,0,1,0,1,1,0,0,0,0,0,0,3.197493357585137,133.70672819052925,12.529239896691152,1,5.376780012530866,0,0,110.74954444140306
SN_1580,2026-04-02 17:40:00,1,-12.428571428571429,3.0,1,60.45998931438346,63.16544545559566,0.9255615311708868,1.1895284243130972,460.90589262002635,46.34948164117953,3200.2674561656913,-24.979141294061343,128.56529492048324,16.610635575098247,11.78358128836163,0,2,0,1,0,0,0,0,0,1,1,0,0,0,0,3.2102726597812175,149.39553771196918,15.627437730796458,1,5.951656540712123,0,0,126.13447747984333
SN_1581,2026-04-02 17:41:00,4,-11.571428571428571,3.0,0,68.034736214693,68.42680992097023,0.8982733545911514,1.2171102880919078,495.2270873506568,52.87734314411768,3041.118243744065,-23.916208157691447,129.58522912187436,18.929589543309845,11.863577849722384,0,1,0,0,0,0,1,1,0,0,0,0,0,1,0,3.234231984892159,148.03658470612444,11.52758473425965,1,5.351055799744568,0,1,160.98486666508452
SN_1582,2026-04-02 17:42:00,1,-10.714285714285715,3.0,1,75.0081591260428,71.70950835122196,0.8948112100642924,1.2052396051207672,466.96820173198546,43.38362908626987,3124.9608475119985,-18.726661716108822,140.8686112059684,14.507715471298688,11.221691446993496,0,0,0,0,2,0,0,0,0,0,1,0,2,1,1,3.1999407439299956,151.2750289410097,12.679567375681529,1,4.631794994770952,0,1,88.7896120187343
SN_1583,2026-04-02 17:43:00,1,-9.857142857142858,3.0,0,76.96727263762216,61.7793129930285,0.9133373073718171,1.1960010000989068,501.77159148725605,52.83936393697963,3122.582503719285,-21.69299430043691,158.1474899427573,14.860296802018336,11.556570581764964,0,2,0,1,0,0,0,0,0,1,0,2,1,0,0,3.3934852033607057,145.2970256747453,11.098943797048962,1,4.46435056486656,0,1,43.70882753526623
SN_1584,2026-04-02 17:44:00,3,-9.0,3.0,0,73.55274551148892,69.30739257863073,0.8831737334571617,1.1925483222968265,496.64949535162606,51.623035096598244,3518.683434474352,-21.67485266362432,113.19914518717914,14.934976835662672,11.729729632325391,0,0,0,0,1,0,0,1,1,1,0,0,0,1,2,3.3039128878413977,146.66495669605922,11.428405870258473,1,4.78970423277998,0,1,120.32863807431525
SN_1585,2026-04-02 17:45:00,3,-8.142857142857142,3.0,1,72.14670411400867,56.321290329097195,0.8884970394299317,1.1989503229243637,441.3307105808322,44.87612591464602,2783.9277590099127,-23.128907362015273,128.7542501871644,16.194997338702393,13.612868370707128,0,1,0,0,0,0,0,2,0,0,0,0,1,0,1,3.3565431069755163,154.3169908126804,11.487908438629395,1,6.090407524852092,0,2,162.25473190567538
SN_1586,2026-04-02 17:46:00,3,-7.2857142857142865,3.0,0,71.89819824192983,60.22324239563084,0.9010210840387294,1.2061279074158329,510.35518191378276,50.57649193885529,3173.057041789155,-23.667029454845707,115.83447417721501,14.405445590719422,12.946618308330436,2,1,1,0,2,1,0,2,0,0,0,0,1,4,1,3.3408211507940258,137.5959579963265,13.854355059163153,1,5.023803582223079,0,0,124.3976775167464
SN_1587,2026-04-02 17:47:00,2,-6.428571428571429,3.0,1,67.2194062661961,61.1648861752529,0.9154315348713522,1.199745058714148,444.46000764037404,47.84042269953561,3458.8540689222154,-28.79216457666083,149.104298782913,16.63187106803647,12.934654707336623,1,0,0,0,0,0,2,0,0,1,0,0,0,0,1,3.2832039574574208,146.77881584891196,12.312047995322661,1,5.045126946172328,0,1,139.67824229141823
SN_1588,2026-04-02 17:48:00,2,-5.571428571428571,3.0,1,69.3496985322319,59.58996524223711,0.9075252756775318,1.1978284119286313,413.975459136877,45.165008808100126,3218.2766696198682,-25.357960692926262,122.94714436816122,17.27025991820375,12.36992561300439,0,0,0,0,0,1,1,0,0,0,0,0,0,0,0,3.376840308406143,149.8709584145775,8.31156657041145,1,5.68973045815084,0,0,84.87582777176857
SN_1589,2026-04-02 17:49:00,1,-4.714285714285715,3.0,1,78.34534762913165,58.66564644084968,0.9037248771377383,1.200583702908179,473.9704076616918,46.26730491870432,3313.012621013164,-24.961148826404948,112.68159047457047,16.801520820180677,10.882672991068766,0,0,2,0,1,0,0,0,1,0,0,0,1,0,1,3.2613945593031137,145.85032685099108,12.140488315822438,1,4.417735586960738,0,1,37.890694196858554
SN_1590,2026-04-02 17:50:00,3,-3.8571428571428577,3.0,1,65.28720997104062,66.65199564855119,0.9011717660285403,1.1939614106876304,478.19215736291073,43.60143416416133,3214.9739472649653,-27.749784128095065,137.65824398618287,13.347376861542891,11.958508895422622,0,0,0,0,1,0,0,1,1,0,0,0,2,0,0,3.286562980693883,145.26522831651775,10.539173720823879,1,5.269480140518784,0,0,48.3190204634496
SN_1591,2026-04-02 17:51:00,1,-3.0,3.0,1,78.07389395354926,64.14372920908855,0.9060035378329017,1.1965679407315695,401.31643814647964,43.89838819736475,3099.899992817528,-26.314831580430866,150.93173337691735,17.49275149773791,12.97048845961338,0,0,0,0,1,1,0,2,0,0,1,0,0,0,0,3.2433727051395804,139.06571100720316,11.338996240090669,1,5.258171500272028,0,1,165.5022954387087
SN_1592,2026-04-02 17:52:00,4,-2.142857142857144,3.0,1,68.3898592275397,66.51762159042043,0.9030247935769389,1.1791420756109499,474.4614451416638,45.86269171550198,2863.712609823663,-27.96167294184527,137.96317442272914,17.40605112138052,10.741735370632712,2,2,1,1,0,0,0,1,1,1,0,0,0,0,1,3.4120244645899422,150.86889259885214,13.725936014569184,1,5.478678727555889,0,1,95.01854164717741
SN_1593,2026-04-02 17:53:00,4,-1.2857142857142865,3.0,0,76.62716054547539,67.76189074448605,0.8845504158783459,1.2097372623085236,504.73678425445934,51.507848102782525,3230.8183530554456,-24.076647671394745,132.457574527383,17.245242058519455,12.636553206873264,1,0,0,0,0,0,1,0,0,0,1,1,0,0,0,3.291429183337621,149.2757606646617,9.98481232808873,1,5.426146725150336,0,2,25.730964985523983
SN_1594,2026-04-02 17:54:00,3,-0.4285714285714288,3.0,1,62.96592495251231,66.06246797269013,0.9006911883244972,1.2029879778032175,471.42438842456966,43.92602869675999,3083.6590093096415,-22.36246805830237,134.90969107331193,16.559263372983736,14.322609225262767,0,0,0,0,1,0,0,0,1,0,0,0,0,2,0,3.3478422192264503,150.13023575865972,10.157769443352755,1,4.9706544235353425,0,2,161.57288842528902
SN_1595,2026-04-02 17:55:00,3,0.42857142857142705,3.0,1,72.92952100582325,67.6310527046015,0.8838946701162337,1.1922654415596656,448.28883768333964,42.421159458364635,3079.9496890752043,-21.786450962751342,146.97808795390665,16.3302839713077,13.061816645989731,1,0,0,2,0,0,1,1,0,0,0,0,2,0,0,3.253483068562755,144.91378455699612,9.50929300529494,1,4.308443574422385,0,2,95.68030732383163
SN_1596,2026-04-02 17:56:00,4,1.2857142857142847,3.0,1,66.31614932026189,64.72187085503093,0.9012162381435124,1.2189873498135524,450.719389102025,42.328293568226954,3125.151911603133,-23.170431075841517,119.5096087598302,17.548584097189597,13.414029135561988,0,0,0,0,1,0,1,1,1,1,0,0,0,1,0,3.3677615661716365,143.71708174759985,11.418866099820605,1,4.717559976637623,0,1,144.4226493540246
SN_1597,2026-04-02 17:57:00,3,2.1428571428571423,3.0,0,62.923664040379066,60.25202644677702,0.8927902808776764,1.2008701648039237,520.3725587644695,48.670485278123074,3461.7292109935242,-25.92679268239714,128.65783475096424,18.885270231405183,12.218338750442161,0,0,0,1,0,0,0,0,0,1,0,0,0,3,2,3.3618242472078617,144.97317664085853,9.465589769492588,1,5.421047983949218,0,0,102.97797245331266
SN_1598,2026-04-02 17:58:00,2,3.0,3.0,0,71.09267021205473,69.23125672328318,0.9380907243417429,1.189638564280248,555.3032301058372,59.01797976844,3560.725631338096,-27.86413031703992,124.5677182178856,14.570439304952725,12.96793194876499,0,0,0,0,0,0,0,0,0,1,1,0,0,0,0,3.169961625309732,151.79729076170213,9.591424232819072,1,5.927187813448407,0,2,38.645128849165594
SN_1599,2026-04-02 17:59:00,2,3.8571428571428577,3.0,1,75.04735894297984,62.64355146887549,0.8994015842437243,1.2085673742147045,419.0102996868743,42.94038374053869,3232.58119062926,-27.513737398803002,115.98561631249947,17.617188093692157,11.282146785645965,0,0,0,0,1,0,0,0,0,0,1,0,2,1,0,3.300330007497294,143.95876889151677,11.655301238920813,1,4.388533622677053,0,1,112.64201982700033
